EmployeeNumber,LogisticRegression_Proba,LogisticRegression_Pred,XGBoost_Proba,XGBoost_Pred
1,0.9220717917262063,1,0.3316949,1
2,0.23346373332443696,0,0.1525162,0
4,0.22053753070221646,0,0.3163359,1
5,0.3522604639236791,0,0.41221523,1
7,0.8273892460879536,1,0.17920348,0
8,0.1748347369965967,0,0.09606829,0
10,0.16409482398469627,0,0.11100312,0
11,0.2341623323537969,0,0.31178707,1
12,0.4580129383888624,1,0.12013083,0
13,0.35720656288350855,0,0.04860163,0
14,0.26404290118419876,0,0.16935942,0
15,0.32536840816740825,0,0.0705588,0
16,0.49851912752654903,1,0.33999607,1
18,0.16035026594442103,0,0.090220645,0
19,0.8494974117231884,1,0.80219704,1
20,0.5093308232899064,1,0.09309655,0
21,0.1101599734222293,0,0.12871987,0
22,0.12495335305118944,0,0.19691108,0
23,0.1094603353899135,0,0.066215284,0
24,0.29155297391734086,0,0.14116465,0
26,0.04951682281005744,0,0.055928502,0
27,0.7055747470794909,1,0.91202074,1
28,0.3429060209764924,0,0.11025184,0
30,0.3580636955140976,0,0.52099174,1
31,0.6611256092817539,1,0.64820915,1
32,0.015224929109536305,0,0.043075465,0
33,0.7893250436889696,1,0.85490847,1
35,0.42650730832947126,1,0.08561964,0
36,0.074826029791565,0,0.09235748,0
38,0.7245377813650885,1,0.062107775,0
39,0.2818969140752991,0,0.18550722,0
40,0.013602126528156608,0,0.068566784,0
41,0.4457177689193549,1,0.21310723,0
42,0.04287851810199975,0,0.7949298,1
45,0.5185185637212129,1,0.44862062,1
46,0.03976628105110798,0,0.077683814,0
47,0.5396911513147407,1,0.40760133,1
49,0.3671944371938986,0,0.104855336,0
51,0.7157133174928673,1,0.17719045,0
52,0.36337331366714565,0,0.10220145,0
53,0.12466211317960343,0,0.20912263,0
54,0.25035778618706284,0,0.36627197,1
55,0.9331161168222625,1,0.9781332,1
56,0.4605230039204804,1,0.117669754,0
57,0.2407108515216997,0,0.06997797,0
58,0.5005765529864121,1,0.09286114,0
60,0.47704660857672865,1,0.08430157,0
61,0.7260573133057474,1,0.5001575,1
62,0.29139151980193095,0,0.08136303,0
63,0.051771006431749325,0,0.119863585,0
64,0.7739678700418338,1,0.29981568,0
65,0.4609198010729797,1,0.80686754,1
68,0.544296577290846,1,0.11244178,0
70,0.3774178700403404,0,0.0791796,0
72,0.7613622681669503,1,0.33534077,1
73,0.3522520744857066,0,0.097370096,0
74,0.6413236665468639,1,0.11691195,0
75,0.4714750533366826,1,0.08663682,0
76,0.037511450318226,0,0.064472236,0
77,0.08733941725100755,0,0.047110368,0
78,0.2656702800841905,0,0.10718036,0
79,0.6509899161564447,1,0.053517267,0
80,0.6711196970379989,1,0.062912084,0
81,0.7133497918146293,1,0.1383329,0
83,0.08933742931035972,0,0.07379097,0
84,0.02640355668898638,0,0.043212067,0
85,0.7560607527161537,1,0.3873841,1
86,0.0880500311401013,0,0.117341645,0
88,0.8310684167699962,1,0.129815,0
90,0.4620862455285672,1,0.2578163,0
91,0.7783844180556303,1,0.19925888,0
94,0.07258446417739596,0,0.060080715,0
95,0.5554647581326216,1,0.6522828,1
96,0.14099286947863568,0,0.0949545,0
97,0.34635432170706376,0,0.20076448,0
98,0.10991019161038021,0,0.05977711,0
100,0.5182856716748762,1,0.122357085,0
101,0.1645118688763349,0,0.058136657,0
102,0.5763203267056727,1,0.15414779,0
103,0.28775506816680435,0,0.060739852,0
104,0.33760952200475497,0,0.12448952,0
105,0.410124512086187,1,0.1750515,0
106,0.1256052641585276,0,0.14116342,0
107,0.07206386642920055,0,0.1355944,0
110,0.5688367987908429,1,0.11694475,0
112,0.12283300720073878,0,0.15808144,0
113,0.6062877920414209,1,0.48303565,1
116,0.0482534063009069,0,0.064908504,0
117,0.21336486210499994,0,0.06311173,0
118,0.2576558205204745,0,0.7916514,1
119,0.5295212864608468,1,0.052888017,0
120,0.41344984305733984,1,0.11008176,0
121,0.2663301393549354,0,0.1392071,0
124,0.4997681211368419,1,0.07170782,0
125,0.6687355002633333,1,0.1518081,0
126,0.5494826939937505,1,0.047692895,0
128,0.5013994338420462,1,0.0894582,0
129,0.4331239869828991,1,0.09693849,0
131,0.13109224406110018,0,0.07638997,0
132,0.37888169589290543,0,0.11432063,0
133,0.3157742577233746,0,0.45308164,1
134,0.5706256597715578,1,0.5231295,1
137,0.5493722269602891,1,0.8662539,1
138,0.10449778527917404,0,0.08947979,0
139,0.035542034564340005,0,0.074965596,0
140,0.04835894446163733,0,0.028106619,0
141,0.31764758337749094,0,0.11456879,0
142,0.8173742328694724,1,0.5796125,1
143,0.30785950682261765,0,0.13028549,0
144,0.4441399567448274,1,0.6800682,1
145,0.8789977189968605,1,0.12722743,0
147,0.5354261132060207,1,0.517973,1
148,0.04499346955069338,0,0.03466515,0
150,0.40071311538486337,1,0.108123735,0
151,0.41052754787552315,1,0.23866989,0
152,0.3801388072141143,0,0.11151429,0
153,0.21523474044832897,0,0.07882303,0
154,0.11682195806812073,0,0.06325195,0
155,0.28698434468925155,0,0.20263185,0
158,0.07491262928695214,0,0.07367684,0
159,0.2588007612500206,0,0.24666111,0
160,0.1753831427084672,0,0.076382734,0
161,0.6464642977574718,1,0.18538976,0
162,0.448813689392237,1,0.15533255,0
163,0.790143269884153,1,0.7164351,1
164,0.3976691458245522,0,0.42889297,1
165,0.1726097074564342,0,0.11585889,0
167,0.6340438294236374,1,0.85815734,1
169,0.2526996846781153,0,0.09690078,0
170,0.3075355142664524,0,0.14472151,0
171,0.32284781347906283,0,0.14882702,0
174,0.5160542045478552,1,0.09496257,0
175,0.9198013722686361,1,0.3252519,1
176,0.1670498460100574,0,0.064093985,0
177,0.10416996959949314,0,0.123821914,0
178,0.591043026352071,1,0.11625635,0
179,0.3601454648761171,0,0.13707289,0
182,0.15801732609543995,0,0.058239657,0
183,0.6178357435646991,1,0.3549981,1
184,0.06601371854352985,0,0.064053915,0
190,0.74680530368224,1,0.935889,1
192,0.4478443724296194,1,0.1876176,0
193,0.2847519953546079,0,0.07876936,0
194,0.697150104927176,1,0.6225277,1
195,0.07315501249988869,0,0.09906184,0
197,0.364607497177889,0,0.16555096,0
198,0.2580794109048497,0,0.12355658,0
199,0.49324114856691004,1,0.065021746,0
200,0.3382951762031916,0,0.074555695,0
201,0.7525265494661603,1,0.6669893,1
202,0.25280097028119236,0,0.07174768,0
204,0.3746714871786666,0,0.082701534,0
205,0.24710389295119012,0,0.1768206,0
206,0.303726517822013,0,0.1643905,0
207,0.47403235000729477,1,0.1402225,0
208,0.06733918366245843,0,0.042602066,0
211,0.23718652557900297,0,0.15105097,0
214,0.4087657589460989,1,0.13233191,0
215,0.47424262476480705,1,0.088067956,0
216,0.6227447300142938,1,0.15047157,0
217,0.18569161237785448,0,0.142649,0
218,0.3656998989936809,0,0.25255084,0
221,0.6221069404108531,1,0.28023812,0
223,0.1450730022610431,0,0.06730588,0
224,0.19872920293072363,0,0.3649018,1
226,0.21612823809615755,0,0.06935788,0
227,0.3873828021160059,0,0.31243235,1
228,0.42399245209986897,1,0.096212864,0
230,0.3496126313334938,0,0.15901014,0
231,0.5845809638511983,1,0.52256507,1
233,0.3308676843314326,0,0.34551084,1
235,0.8938765758513022,1,0.96701103,1
238,0.7137430606332358,1,0.17799363,0
239,0.21085965335190515,0,0.097202145,0
240,0.4581469652675541,1,0.15651129,0
241,0.051899995401015094,0,0.11976856,0
242,0.3427018677716641,0,0.19034477,0
243,0.8567479245262137,1,0.9712147,1
244,0.2646210240752053,0,0.09170579,0
245,0.28587072759728627,0,0.3135919,1
246,0.5350793228128636,1,0.13747981,0
247,0.32228934892534455,0,0.19953108,0
248,0.5117388245901261,1,0.4563832,1
249,0.2300393690782784,0,0.08325214,0
250,0.2134243955973619,0,0.05953438,0
252,0.09702215023560294,0,0.11573347,0
253,0.1298741359394038,0,0.041377377,0
254,0.11984099394217651,0,0.055019602,0
256,0.09202351641281317,0,0.10071702,0
258,0.10625323057103199,0,0.06396272,0
259,0.07027716515798119,0,0.06572366,0
260,0.35150765815831375,0,0.35475424,1
261,0.7695800317457699,1,0.6296046,1
262,0.012710401154983939,0,0.059094187,0
264,0.4472391851041243,1,0.06019295,0
267,0.5406279056673752,1,0.18124244,0
269,0.8756682800003842,1,0.14233777,0
270,0.06267453765329895,0,0.0403659,0
271,0.33333337746326386,0,0.15309434,0
273,0.12607240983166296,0,0.095425464,0
274,0.8856785395943118,1,0.2408906,0
275,0.0381772953045412,0,0.0438958,0
277,0.09299082668142848,0,0.1578249,0
281,0.3172111512717229,0,0.058328837,0
282,0.6061441765234025,1,0.53619915,1
283,0.3262009098776633,0,0.8672558,1
284,0.3607345106418114,0,0.3000599,1
286,0.6780966349923054,1,0.14155518,0
287,0.3212976255367365,0,0.13621825,0
288,0.24393990721000153,0,0.043147903,0
291,0.6147923547142158,1,0.89425355,1
292,0.2030103944186516,0,0.13582774,0
293,0.30108748023173887,0,0.19554113,0
296,0.15968992167546334,0,0.06553088,0
297,0.5287573705336912,1,0.7521002,1
298,0.0958199541763103,0,0.050894827,0
299,0.9706024066269602,1,0.97188526,1
300,0.36600286539052046,0,0.18515424,0
302,0.491340540880928,1,0.09494757,0
303,0.07479862615524314,0,0.08263849,0
304,0.17601438794632787,0,0.11819787,0
305,0.720407179642532,1,0.41742733,1
306,0.06282082009955724,0,0.099239886,0
307,0.08758214182908343,0,0.093845725,0
308,0.2057486914985504,0,0.051311065,0
309,0.13329562408295442,0,0.25252533,0
311,0.3139800347060968,0,0.08805127,0
312,0.3286987363551116,0,0.05842884,0
314,0.3842735258439625,0,0.13714842,0
315,0.6389319731990161,1,0.7179665,1
316,0.45577229768843275,1,0.26419193,0
319,0.0522350978931379,0,0.0646101,0
321,0.5275564671390466,1,0.2120225,0
323,0.04115781473446139,0,0.034766167,0
325,0.508153621921727,1,0.56348085,1
327,0.04735853118591944,0,0.06424442,0
328,0.7229894500903181,1,0.8961023,1
329,0.30022127918791885,0,0.11729076,0
330,0.3638358132132153,0,0.20758192,0
331,0.40436517512413606,1,0.21981683,0
332,0.24137847206017707,0,0.07551724,0
333,0.29855104332638754,0,0.09016993,0
334,0.35382866358595,0,0.31667948,1
335,0.15688814938249124,0,0.09171397,0
336,0.05034170000187779,0,0.033201374,0
337,0.7607651964737959,1,0.13954236,0
338,0.3652497547970295,0,0.28706244,0
339,0.6223007412967242,1,0.067777425,0
340,0.32910688896128415,0,0.107021466,0
341,0.2779295376993173,0,0.04401807,0
342,0.5536395446865783,1,0.91170233,1
343,0.3398288083946615,0,0.059515223,0
346,0.44182024961351035,1,0.28615388,0
347,0.49552449965968765,1,0.117953226,0
349,0.08454215171769582,0,0.06749133,0
350,0.39812498450802436,0,0.11760227,0
351,0.28055912097878405,0,0.17743301,0
352,0.019629785743491338,0,0.03128839,0
353,0.5439363408446113,1,0.24498534,0
355,0.799934921355969,1,0.9327473,1
359,0.5896290849307458,1,0.38177314,1
361,0.09322990757420438,0,0.08666373,0
362,0.7022853304134415,1,0.19952956,0
363,0.5001318015229308,1,0.14608438,0
364,0.6721247897023286,1,0.95788795,1
366,0.48213296782381193,1,0.1998664,0
367,0.39750743423477586,0,0.051089764,0
369,0.24621830828466496,0,0.052223884,0
372,0.08655219830318152,0,0.034397487,0
373,0.020431409125573077,0,0.054360073,0
374,0.09071749579079708,0,0.04723943,0
376,0.4510224387869656,1,0.31545964,1
377,0.08380678586584349,0,0.105372965,0
378,0.3337349873832936,0,0.060208954,0
379,0.43959506384858577,1,0.7731698,1
380,0.04744632400629525,0,0.05037587,0
381,0.4458225824615386,1,0.07917532,0
382,0.6033628847958831,1,0.15106371,0
384,0.41785975812890697,1,0.13181515,0
385,0.13337339678756643,0,0.0625964,0
386,0.028092967435227573,0,0.04304326,0
387,0.24551378154183956,0,0.07081602,0
388,0.5777629231935791,1,0.14711156,0
389,0.0591104433264685,0,0.18136455,0
390,0.9396319318377943,1,0.2773775,0
391,0.08662227259835686,0,0.08367826,0
392,0.21480059612727273,0,0.52133423,1
393,0.4225391623087195,1,0.045377515,0
394,0.5325023683440957,1,0.51423895,1
395,0.11255000483041532,0,0.09664027,0
396,0.8642310319391308,1,0.099908695,0
397,0.8046944369715214,1,0.1323382,0
399,0.5788918338084064,1,0.5750828,1
401,0.7633871523394544,1,0.20353004,0
403,0.40947018566061577,1,0.22001551,0
404,0.7049205031319972,1,0.09015629,0
405,0.7361348675352434,1,0.97914356,1
406,0.2418700859592655,0,0.05913805,0
407,0.19029059575505994,0,0.1341943,0
408,0.1486918030334458,0,0.07629646,0
410,0.2958102699940552,0,0.07290796,0
411,0.8683338688318724,1,0.95645994,1
412,0.29923469091879945,0,0.22601646,0
416,0.5810356216132294,1,0.07454699,0
417,0.010980627560241521,0,0.036116738,0
419,0.28158777305514515,0,0.052565392,0
420,0.24963741089142405,0,0.118947975,0
421,0.43449517802357485,1,0.09548623,0
422,0.07952674120124763,0,0.06154749,0
423,0.06442510085238617,0,0.052913353,0
424,0.8754941306011614,1,0.769399,1
425,0.49616444227589046,1,0.06396992,0
426,0.23959428457285412,0,0.13956386,0
428,0.7545409504643764,1,0.10943861,0
429,0.31987055737018344,0,0.044224188,0
430,0.15733050681952965,0,0.10260788,0
431,0.2673028413059252,0,0.054176513,0
433,0.6657856975381206,1,0.8367708,1
434,0.7530782992509905,1,0.8164215,1
436,0.6551507575740532,1,0.38410947,1
437,0.5583592328806335,1,0.16936111,0
438,0.03104947934464446,0,0.0767512,0
439,0.5562126055761313,1,0.25726375,0
440,0.7335784858868923,1,0.7926301,1
441,0.0429962269190879,0,0.04126794,0
442,0.4814970749573461,1,0.11608597,0
444,0.731976197143,1,0.082586415,0
445,0.3373234990953876,0,0.47296172,1
446,0.7344763828914239,1,0.24201813,0
447,0.19885585058145916,0,0.0371433,0
448,0.44059499424677123,1,0.20154482,0
449,0.3602841415183738,0,0.08495711,0
450,0.24102715069094482,0,0.106487714,0
451,0.8475118241605838,1,0.20757823,0
452,0.3434123413507064,0,0.06119943,0
453,0.31881676953954524,0,0.19335549,0
454,0.5467164310780918,1,0.69418997,1
455,0.23262199308079412,0,0.12153593,0
456,0.20768762809337943,0,0.10074627,0
458,0.3175405330044397,0,0.080106996,0
460,0.15913256957514718,0,0.075130984,0
461,0.06895443100606787,0,0.044467784,0
462,0.2610625024337283,0,0.18870613,0
463,0.32748511102334055,0,0.1375894,0
464,0.05482284488599237,0,0.03413641,0
465,0.24660255235989909,0,0.18110326,0
466,0.6607055258785733,1,0.14391544,0
467,0.7189978717766912,1,0.37675416,1
468,0.5557069230835163,1,0.06823627,0
469,0.423550004701549,1,0.19116986,0
470,0.15897007838411198,0,0.15558675,0
471,0.1830613503688991,0,0.1203714,0
473,0.6268596480495411,1,0.0838656,0
474,0.25560076733523845,0,0.09662928,0
475,0.7086474876322352,1,0.1363519,0
476,0.3942576772776867,0,0.10097193,0
477,0.10145098413508553,0,0.097539656,0
478,0.960475341972846,1,0.89301044,1
479,0.1798256912614649,0,0.067467265,0
481,0.6589847622200589,1,0.09173548,0
482,0.10032949238340086,0,0.046179958,0
483,0.05337614222598876,0,0.06274328,0
484,0.5596055278234032,1,0.27951196,0
485,0.719862024711854,1,0.8745909,1
486,0.3148059342301859,0,0.11993868,0
487,0.12203932181209329,0,0.1171807,0
488,0.6798961857348479,1,0.89078474,1
491,0.11937891001946833,0,0.038309883,0
492,0.5198712827253226,1,0.4199284,1
493,0.420741311699903,1,0.4544357,1
494,0.9042726371324797,1,0.96785766,1
495,0.5500733931252529,1,0.25596684,0
496,0.6614409922737899,1,0.33990175,1
497,0.19270048150801236,0,0.092287175,0
498,0.47006584141876956,1,0.24945575,0
499,0.239400243219461,0,0.07560769,0
500,0.14032366961657863,0,0.0798837,0
501,0.3242529393462939,0,0.08188244,0
502,0.7021337170848112,1,0.5079395,1
505,0.03210187349120533,0,0.029473815,0
507,0.20444764507639512,0,0.07334233,0
508,0.7179254538750377,1,0.46985057,1
510,0.5655772373521546,1,0.5599584,1
511,0.89712001974456,1,0.4547178,1
513,0.8706783711366387,1,0.11290784,0
514,0.8148050149954345,1,0.82515657,1
515,0.18378646241059546,0,0.09069938,0
516,0.3556212731743664,0,0.08813352,0
517,0.4607164031673899,1,0.11278084,0
518,0.33862081804163013,0,0.3312682,1
520,0.297390751238012,0,0.09753702,0
521,0.45537569039416864,1,0.1364688,0
522,0.47489281022416807,1,0.06857425,0
523,0.563112798550987,1,0.05638091,0
524,0.4234538339585284,1,0.17666458,0
525,0.7889216539183386,1,0.12309068,0
526,0.08674707702267569,0,0.08173194,0
527,0.785752657291181,1,0.23483169,0
529,0.4155515990658986,1,0.06435576,0
530,0.6871100788617518,1,0.15382724,0
531,0.11127077466607667,0,0.03972512,0
532,0.532584708213374,1,0.11630253,0
533,0.6443418670653375,1,0.11289665,0
534,0.3772907998431261,0,0.16349138,0
536,0.39242000780090186,0,0.0655131,0
538,0.6316754543993904,1,0.77568054,1
543,0.05305205343681739,0,0.10576917,0
544,0.19287282927635174,0,0.20304857,0
546,0.016783528781979886,0,0.050670728,0
547,0.4467036749369187,1,0.33217692,1
548,0.5266895256831396,1,0.19215873,0
549,0.6904555843094287,1,0.14121959,0
550,0.032423135486842905,0,0.05691301,0
551,0.08567903841519857,0,0.055594336,0
554,0.6022374802553178,1,0.81361425,1
555,0.5319994273470905,1,0.93372315,1
556,0.1772864164608024,0,0.15368357,0
558,0.030757029547043718,0,0.030241664,0
560,0.3642958853457778,0,0.27282715,0
562,0.13551040708602713,0,0.23499529,0
564,0.3142671398270238,0,0.12646478,0
565,0.8325189501463754,1,0.97226316,1
566,0.8062463038229675,1,0.97263634,1
567,0.31389284042498006,0,0.09250215,0
568,0.28454747142354764,0,0.14009672,0
569,0.4252459458049883,1,0.035022423,0
571,0.13096603239919744,0,0.08208439,0
573,0.28289301659236954,0,0.11756499,0
574,0.08901408679848084,0,0.12310276,0
575,0.42759996171023346,1,0.08299243,0
577,0.5845852761793204,1,0.32384095,1
578,0.5666151764563853,1,0.15222526,0
579,0.09724034456661892,0,0.12428525,0
580,0.08616046759696212,0,0.06858257,0
581,0.012339105743719419,0,0.07339893,0
582,0.4330080692778216,1,0.2766651,0
584,0.6329711768791892,1,0.89009416,1
585,0.637994938194422,1,0.45282215,1
586,0.4824431670500674,1,0.2578755,0
587,0.8857428516498931,1,0.9781068,1
590,0.8254924545202778,1,0.5930529,1
591,0.1400376146130373,0,0.15239574,0
592,0.5425129855715527,1,0.20585756,0
593,0.6337713470525911,1,0.93545985,1
595,0.4821408742071517,1,0.08225236,0
597,0.17778653717741402,0,0.094821446,0
599,0.2085069842820453,0,0.075656824,0
600,0.8011188753225447,1,0.13401976,0
601,0.5347216133171495,1,0.119508006,0
602,0.30767700259062913,0,0.20655067,0
604,0.34236581953308015,0,0.12432427,0
605,0.3603601679147743,0,0.4540012,1
606,0.061898808361514054,0,0.09399633,0
608,0.7809967826556293,1,0.85562503,1
611,0.36460857269733543,0,0.12630536,0
612,0.2189410904115592,0,0.051269844,0
613,0.6667082410640028,1,0.26243582,0
614,0.8112022433428376,1,0.9535542,1
615,0.18602159675885546,0,0.17107187,0
616,0.16091354465047716,0,0.16110246,0
618,0.7837730729778879,1,0.36867687,1
620,0.6583071371518369,1,0.15064901,0
621,0.3569080312802381,0,0.13690376,0
622,0.8946533142826226,1,0.96863115,1
623,0.2339064479740931,0,0.15038814,0
624,0.4494077379583059,1,0.14041235,0
625,0.7178736212673898,1,0.041461032,0
626,0.4016004424358719,1,0.12011169,0
630,0.08866369420120813,0,0.05706079,0
631,0.3965794975809479,0,0.83473,1
632,0.5666073945630953,1,0.16293009,0
634,0.028420213190697364,0,0.102040984,0
635,0.8719312641026907,1,0.15614168,0
638,0.01788845420437376,0,0.04165627,0
639,0.35988788899445345,0,0.1591401,0
641,0.45239287008491147,1,0.30661258,1
643,0.4548817828826319,1,0.67898464,1
644,0.6578597246019058,1,0.14773165,0
645,0.7690754103687103,1,0.22398162,0
647,0.4166960952961001,1,0.5883799,1
648,0.9438350931703086,1,0.97452986,1
649,0.23236558260909132,0,0.10734241,0
650,0.7813144053072674,1,0.9139677,1
652,0.533277975327174,1,0.25225747,0
653,0.09054913005377156,0,0.0843845,0
655,0.35528376613071216,0,0.1658698,0
656,0.2513354834007602,0,0.14604534,0
657,0.7352522115715696,1,0.7717007,1
659,0.2393578135924966,0,0.06436092,0
661,0.09557579701379147,0,0.04609212,0
662,0.4876246929401553,1,0.5205018,1
663,0.2589361662621034,0,0.07570762,0
664,0.690935685294429,1,0.04267949,0
665,0.7332525218620876,1,0.18960033,0
666,0.14640523567758437,0,0.26553467,0
667,0.3833075466614519,0,0.8277506,1
669,0.7731421346228551,1,0.70525515,1
671,0.03324755495721925,0,0.031372342,0
675,0.463712240306149,1,0.2428858,0
677,0.24720458323887223,0,0.0786706,0
679,0.35129622990566217,0,0.109584324,0
680,0.6866019267538941,1,0.8315278,1
682,0.5623052032543816,1,0.135364,0
683,0.1287000136861731,0,0.10271289,0
684,0.8614708200723641,1,0.9008023,1
686,0.27969972501753837,0,0.2452341,0
689,0.14071375036135486,0,0.11394999,0
690,0.6428068920431511,1,0.1036289,0
691,0.5331528120520127,1,0.12806813,0
692,0.10745607943705855,0,0.0731186,0
698,0.446045681601916,1,0.07173352,0
699,0.25442201538482645,0,0.11356769,0
700,0.7272770508443419,1,0.35362986,1
701,0.5653821501910954,1,0.7582021,1
702,0.8836965002323878,1,0.83442116,1
704,0.25239490720488494,0,0.34282032,1
705,0.5818504939552932,1,0.41134685,1
707,0.28571767028955525,0,0.13245085,0
709,0.4328827853266565,1,0.051084217,0
710,0.11978173113106226,0,0.24668105,0
712,0.25872235290922513,0,0.1118957,0
714,0.13340612640966631,0,0.049904905,0
715,0.11089199511714987,0,0.22680345,0
716,0.023602375361744123,0,0.07087327,0
717,0.4401663284523071,1,0.17392221,0
720,0.9855384646640576,1,0.825268,1
721,0.5548210616907747,1,0.09396016,0
722,0.2131173882877393,0,0.15793246,0
723,0.3937245215931438,0,0.4724326,1
724,0.08668413246425334,0,0.035182443,0
725,0.42972904328130423,1,0.20825385,0
727,0.13180631497766074,0,0.066520244,0
728,0.3258796462419239,0,0.114542514,0
729,0.45722365668167353,1,0.103482716,0
730,0.020479292704882725,0,0.04403291,0
731,0.5565871260811571,1,0.09149044,0
732,0.9229129917454083,1,0.33296838,1
733,0.3483339993020369,0,0.2511538,0
734,0.19197800430766462,0,0.07491292,0
738,0.5754770426761419,1,0.13304563,0
741,0.8650803768460694,1,0.81741875,1
742,0.7856432996790975,1,0.17127831,0
743,0.368070019293127,0,0.22344041,0
744,0.4732450745224157,1,0.48590717,1
746,0.7482467447878335,1,0.13456725,0
747,0.668128808407872,1,0.13487592,0
749,0.533184418432419,1,0.6334601,1
752,0.5663166541474088,1,0.2635939,0
754,0.34094462656187857,0,0.20539331,0
757,0.5829305966735474,1,0.09420596,0
758,0.5162337088544555,1,0.2868696,0
760,0.7284285974505407,1,0.18388735,0
762,0.3335631581232137,0,0.091594815,0
763,0.2620622795628508,0,0.088350534,0
764,0.8975541619656052,1,0.39692783,1
766,0.33409536917923427,0,0.22008762,0
769,0.05473952722457338,0,0.07006839,0
771,0.11505320057167626,0,0.21121499,0
772,0.4518751823288682,1,0.16930501,0
773,0.7501970536189176,1,0.17606944,0
775,0.5831343371034042,1,0.23753975,0
776,0.18268972559299107,0,0.10746508,0
780,0.1407976738386917,0,0.14795043,0
781,0.5466861683544479,1,0.13627087,0
783,0.7827405156409236,1,0.25757578,0
784,0.4632129440549108,1,0.553703,1
785,0.7832206868038648,1,0.47514474,1
786,0.11836288949263421,0,0.086614355,0
787,0.20220886616256917,0,0.1603032,0
789,0.6491511033444555,1,0.31171647,1
791,0.052038342256675835,0,0.061182898,0
792,0.7641680319129565,1,0.36940703,1
793,0.8665279793501217,1,0.5826464,1
796,0.9242981641216222,1,0.93550324,1
797,0.21162769872552042,0,0.12581092,0
799,0.7389918556546917,1,0.0921731,0
800,0.4268691923306355,1,0.18141258,0
802,0.32148463049832476,0,0.21282615,0
803,0.8352102777684586,1,0.26337293,0
804,0.723010342495073,1,0.37493438,1
805,0.7139250936055753,1,0.2284211,0
806,0.24065473266461973,0,0.18136318,0
807,0.18638413550604502,0,0.052387435,0
808,0.7298685327557727,1,0.14051837,0
809,0.5210083067671762,1,0.12079804,0
811,0.3439382988037178,0,0.7077597,1
812,0.32446602904879096,0,0.5571244,1
813,0.5219330849719943,1,0.07655994,0
815,0.05014713687529596,0,0.055762216,0
816,0.8623399558601619,1,0.8077196,1
817,0.15259642326565778,0,0.10569897,0
819,0.9641625934272312,1,0.9623623,1
820,0.09619823510693196,0,0.058516204,0
823,0.15278714902601712,0,0.06754301,0
824,0.06327651932642152,0,0.13579547,0
825,0.5480878029771777,1,0.2552939,0
826,0.31659201174757545,0,0.2900363,0
827,0.32838398452780004,0,0.07672097,0
828,0.5803439736062135,1,0.8988874,1
829,0.6023469990032295,1,0.17074575,0
830,0.18524284929658194,0,0.0679156,0
832,0.8502181885050931,1,0.2970782,0
833,0.43802726824620797,1,0.61792856,1
834,0.6937439411683993,1,0.56416655,1
836,0.48679258654774077,1,0.13202621,0
837,0.7508454831308867,1,0.30681768,1
838,0.5647480385393567,1,0.36547267,1
840,0.17129288332573234,0,0.8404312,1
842,0.6080256109441238,1,0.80056155,1
843,0.5397821699210418,1,0.06765067,0
844,0.0903861480456637,0,0.08830472,0
845,0.08309317474550251,0,0.0826751,0
846,0.8398976001041697,1,0.31688938,1
847,0.11095589310071732,0,0.06407169,0
848,0.531429141132934,1,0.53256875,1
850,0.10022835685019964,0,0.41303056,1
851,0.10109681071767432,0,0.05845323,0
852,0.8469999900351892,1,0.22600818,0
854,0.9529430160458701,1,0.78810966,1
855,0.38389887005660195,0,0.079527795,0
856,0.816331971953071,1,0.40455446,1
857,0.0831311099570338,0,0.08117073,0
859,0.6272858050888539,1,0.19673182,0
861,0.7177732693625,1,0.3008323,1
862,0.09531674699380623,0,0.15167868,0
864,0.29373057700232524,0,0.07620635,0
865,0.45983493396519887,1,0.16108477,0
867,0.16933335867496743,0,0.06831077,0
868,0.29769810237083144,0,0.15390931,0
869,0.06241245716255882,0,0.11593896,0
872,0.7270274254903702,1,0.16872227,0
874,0.10514006740602705,0,0.0818685,0
875,0.5385163567528398,1,0.0812429,0
878,0.49851952318036596,1,0.29716566,0
879,0.4904701687568796,1,0.15045807,0
880,0.07449979149508129,0,0.086288825,0
881,0.6386534494849994,1,0.5999516,1
882,0.09766677790592272,0,0.11804638,0
885,0.9142582473935763,1,0.4680372,1
887,0.24099224803533917,0,0.13697354,0
888,0.19456031041117083,0,0.1316243,0
889,0.7075120476100561,1,0.18953337,0
893,0.3727714375078291,0,0.14814483,0
894,0.10495443846645698,0,0.041888162,0
895,0.1712591665454219,0,0.14857024,0
896,0.5993431252417971,1,0.37631798,1
897,0.25127987793049167,0,0.115486324,0
899,0.4568090374524112,1,0.16583483,0
900,0.5785996853276801,1,0.07867423,0
901,0.14175326518025877,0,0.058880765,0
902,0.5444698057532814,1,0.12307397,0
903,0.3402640659002223,0,0.114737846,0
904,0.5796083165039274,1,0.15595415,0
905,0.2982206206789857,0,0.078969575,0
909,0.22688554691067475,0,0.086797155,0
910,0.13935580493190605,0,0.23970214,0
911,0.8236653202510241,1,0.89614385,1
912,0.22650408567736852,0,0.31451622,1
913,0.7876710706113893,1,0.3794102,1
916,0.8173321259066946,1,0.17690985,0
918,0.5133252315338891,1,0.6324777,1
920,0.6692676754797535,1,0.30749285,1
922,0.8784138602998407,1,0.9560187,1
923,0.31986373400875845,0,0.7099627,1
924,0.05260826666630405,0,0.05870482,0
925,0.38974517013946747,0,0.42880616,1
926,0.34384045891430715,0,0.35081464,1
927,0.5481010726118282,1,0.4724652,1
930,0.3502285638832273,0,0.3754544,1
932,0.6671921710805518,1,0.5757404,1
933,0.6552686475678289,1,0.95301765,1
934,0.573231215269454,1,0.76981777,1
936,0.7883902402268176,1,0.17452279,0
939,0.6741909761809401,1,0.5292786,1
940,0.04315178685305079,0,0.051834967,0
941,0.7553226981407883,1,0.5222726,1
942,0.08335833666243354,0,0.1487276,0
944,0.31735446579756366,0,0.21188192,0
945,0.21714877884016173,0,0.17732921,0
947,0.23420040235877948,0,0.110527776,0
949,0.0919926437336222,0,0.11972902,0
950,0.09073263041273945,0,0.040150765,0
951,0.5226335041666376,1,0.39810434,1
952,0.7410227661343255,1,0.9018041,1
954,0.7916214788416169,1,0.5886821,1
956,0.9004912415941622,1,0.43821007,1
957,0.053435644466888345,0,0.23306821,0
958,0.10702600942483297,0,0.11965585,0
959,0.8811748739311381,1,0.9615986,1
960,0.9272067031451562,1,0.985889,1
961,0.44164921590231954,1,0.16138561,0
964,0.5514975724083333,1,0.15605171,0
966,0.6237652219729376,1,0.0975059,0
967,0.24138129414161727,0,0.4324757,1
969,0.47022814821381115,1,0.062742546,0
970,0.9709114106491112,1,0.87399566,1
972,0.15231860609035575,0,0.10909445,0
974,0.5230944850988253,1,0.46258578,1
975,0.6484918386859405,1,0.18176699,0
976,0.026678781877712002,0,0.04792104,0
977,0.32280332096741754,0,0.40783668,1
981,0.4551633247817876,1,0.06377493,0
982,0.6783457224893892,1,0.27704227,0
983,0.5037329223509662,1,0.11821965,0
984,0.20320408490272318,0,0.057088654,0
985,0.19062270276379412,0,0.08126823,0
986,0.3496941345351342,0,0.32994044,1
987,0.03948629261387616,0,0.102835804,0
990,0.06647248695963004,0,0.06970486,0
991,0.7902901363965509,1,0.6480101,1
992,0.6442128119159062,1,0.09446694,0
994,0.776087304146338,1,0.94667155,1
995,0.4712387877822016,1,0.30042636,1
996,0.06265453069319182,0,0.046499144,0
997,0.05678154010906431,0,0.03750553,0
998,0.46780130691223515,1,0.16548528,0
999,0.08551850840955874,0,0.08389006,0
1001,0.9069435022815727,1,0.2780423,0
1002,0.2099272216950923,0,0.17136559,0
1003,0.25009031632763673,0,0.115091525,0
1004,0.9248848367695862,1,0.92249614,1
1005,0.040548749657649964,0,0.045541734,0
1006,0.37306569514764704,0,0.21412647,0
1007,0.15859573884238004,0,0.091530606,0
1009,0.31132933233481697,0,0.106466316,0
1010,0.24733888728212505,0,0.36996856,1
1011,0.76027128655409,1,0.21969546,0
1012,0.45474070223197255,1,0.8398458,1
1013,0.18101032056169367,0,0.079375625,0
1014,0.6481309957774333,1,0.15254481,0
1015,0.2914690993921633,0,0.08594153,0
1016,0.9318588706001668,1,0.9598856,1
1017,0.8742019601189583,1,0.7138757,1
1018,0.1864705599368676,0,0.06184289,0
1019,0.9355808734921597,1,0.6292189,1
1022,0.5912575844791065,1,0.15487593,0
1024,0.2807288836013227,0,0.09958536,0
1025,0.5696437258284606,1,0.08611314,0
1026,0.18270305269261677,0,0.10562771,0
1027,0.3985215078390545,0,0.071766645,0
1028,0.13469574366897952,0,0.15896039,0
1029,0.42595642634847386,1,0.060252447,0
1030,0.24505522713401728,0,0.40725455,1
1032,0.175221075839777,0,0.06213321,0
1033,0.9373966442550431,1,0.829254,1
1034,0.34791557796139577,0,0.2459437,0
1035,0.0964091595888838,0,0.13262151,0
1036,0.677729838269586,1,0.15398072,0
1037,0.9570857421637017,1,0.9201705,1
1038,0.19872544481273854,0,0.893794,1
1039,0.06560797868904468,0,0.05447158,0
1040,0.0406646003416461,0,0.044252355,0
1042,0.4117325930369073,1,0.8246532,1
1043,0.5565405168959218,1,0.113082886,0
1044,0.30532565231013997,0,0.19589128,0
1045,0.0666347677121593,0,0.049950276,0
1046,0.6952525071554393,1,0.24321613,0
1047,0.08435223889630625,0,0.054615673,0
1048,0.19672797721023313,0,0.10982326,0
1049,0.7419041388700031,1,0.42929474,1
1050,0.5286311977754068,1,0.14916639,0
1052,0.6353769112709697,1,0.85628,1
1053,0.967023901704768,1,0.78794813,1
1055,0.3243804884823773,0,0.26393634,0
1056,0.6496682439384066,1,0.79764295,1
1060,0.22453716079124963,0,0.14266723,0
1061,0.17424835306195202,0,0.054440238,0
1062,0.5991320209816544,1,0.46525794,1
1066,0.7897844981218489,1,0.24443185,0
1068,0.5713962407603054,1,0.31665927,1
1069,0.20664955781370697,0,0.060102344,0
1070,0.8251593290601131,1,0.18777378,0
1071,0.08503789360769116,0,0.2668456,0
1073,0.5912318831400734,1,0.15743333,0
1074,0.433233907746164,1,0.08408928,0
1076,0.33614027242675293,0,0.07875167,0
1077,0.7451938881404709,1,0.7581674,1
1079,0.934119300292848,1,0.9829076,1
1080,0.3251404417063067,0,0.17119983,0
1081,0.3726411125330279,0,0.18693286,0
1082,0.7829987112431924,1,0.3324307,1
1083,0.7998060397974601,1,0.2747434,0
1084,0.3269104293536188,0,0.07775853,0
1085,0.12375290057964711,0,0.10856776,0
1088,0.17584341039011267,0,0.11825801,0
1092,0.44579790821301957,1,0.124931015,0
1094,0.1293195117110719,0,0.21403027,0
1096,0.0682143448771692,0,0.071078986,0
1097,0.13873127052454926,0,0.17590636,0
1098,0.7425021707436935,1,0.08909813,0
1099,0.27770484518182326,0,0.17607743,0
1100,0.5320361491193258,1,0.53092664,1
1101,0.7474389590755256,1,0.916015,1
1102,0.47347118536950544,1,0.5395291,1
1103,0.5564364559709197,1,0.1066316,0
1105,0.11275212286386514,0,0.104440436,0
1106,0.064016991621124,0,0.22132853,0
1107,0.8087193481447273,1,0.9163547,1
1108,0.9523890298464338,1,0.86547333,1
1109,0.29474816262572745,0,0.08246702,0
1111,0.8743386225534835,1,0.93630445,1
1113,0.3142162615436925,0,0.1959899,0
1114,0.4681936467475229,1,0.16360348,0
1115,0.07348653222256708,0,0.13614932,0
1116,0.05307692303095528,0,0.031124184,0
1117,0.11682479806583151,0,0.079206586,0
1118,0.506470138205091,1,0.10863088,0
1119,0.21187091662079893,0,0.08178413,0
1120,0.2553635171083645,0,0.16048332,0
1121,0.0917433870784835,0,0.09842379,0
1124,0.1804151616757429,0,0.24109219,0
1125,0.8535441971926017,1,0.29871276,0
1126,0.8775957396826346,1,0.15873773,0
1127,0.7397336631457592,1,0.87743723,1
1128,0.45102927499599177,1,0.08889942,0
1131,0.6171069109868093,1,0.5457482,1
1132,0.7238142977338091,1,0.29052016,0
1133,0.2601153911818268,0,0.12092846,0
1135,0.5633137826643688,1,0.43108708,1
1136,0.6597531579804207,1,0.4075073,1
1137,0.34897007518183115,0,0.10704787,0
1138,0.5396380853926571,1,0.13003847,0
1140,0.5931316266832913,1,0.18778476,0
1143,0.33006091023548334,0,0.6315815,1
1148,0.7744395755664453,1,0.23295277,0
1150,0.47733924554972285,1,0.32642418,1
1152,0.24030565872785128,0,0.112195335,0
1154,0.5445250273159135,1,0.6774969,1
1156,0.6223403230617042,1,0.9499949,1
1157,0.816717970501203,1,0.510553,1
1158,0.47344938917771834,1,0.09323884,0
1160,0.6645425259585314,1,0.8927815,1
1161,0.6358846487364349,1,0.18932728,0
1162,0.6821429748848575,1,0.4461753,1
1163,0.5656564968958969,1,0.2526437,0
1164,0.39660974845403035,0,0.34255877,1
1165,0.8649227174785277,1,0.8855158,1
1166,0.6320974804365211,1,0.13109575,0
1167,0.9210716900296563,1,0.3383942,1
1171,0.8613522245015146,1,0.24791797,0
1172,0.5851611073773283,1,0.08571378,0
1173,0.8625916937902226,1,0.55351675,1
1175,0.4277358110951197,1,0.74124813,1
1177,0.0811604396658,0,0.06864117,0
1179,0.4403955533933195,1,0.19042875,0
1180,0.49794564093051413,1,0.16037652,0
1182,0.22614970365758538,0,0.13979131,0
1184,0.5416284903222665,1,0.09000159,0
1185,0.373176869346978,0,0.21038346,0
1188,0.9692129196023052,1,0.9483263,1
1190,0.3688101987163272,0,0.55438864,1
1191,0.15728166089051382,0,0.0543364,0
1192,0.08477536699121917,0,0.07557671,0
1193,0.7200805628771183,1,0.9567916,1
1195,0.24262703322624368,0,0.07813387,0
1196,0.09665162689211888,0,0.086811565,0
1198,0.9359135243396618,1,0.88177365,1
1200,0.33043413861405474,0,0.43146163,1
1201,0.010899921196380164,0,0.041586276,0
1202,0.6168196125928563,1,0.3068975,1
1203,0.3689629640214818,0,0.4785904,1
1204,0.8174243648190265,1,0.14530508,0
1206,0.4385274533370744,1,0.3624815,1
1207,0.3118243834123301,0,0.13231584,0
1210,0.8637386140202618,1,0.46809056,1
1211,0.697373400837987,1,0.18932499,0
1212,0.7999356793983707,1,0.11491329,0
1215,0.0638962353135964,0,0.05625589,0
1216,0.610478544948574,1,0.1394895,0
1217,0.3470944479520931,0,0.0783241,0
1218,0.15600215200979003,0,0.0810759,0
1219,0.8287353779837704,1,0.9320506,1
1220,0.8654196120524685,1,0.19725,0
1221,0.1326166624316377,0,0.29306757,0
1224,0.31192809222500906,0,0.24845682,0
1225,0.08037584289154913,0,0.097379036,0
1226,0.6073954660501776,1,0.43898222,1
1228,0.11428880926383997,0,0.063128315,0
1231,0.38013117762714016,0,0.07260128,0
1233,0.026678302270058598,0,0.077248536,0
1234,0.761039733229149,1,0.43664467,1
1235,0.29071602931350016,0,0.105595775,0
1237,0.4094256750411837,1,0.13214152,0
1238,0.11779841613705788,0,0.13453448,0
1239,0.8971381419816645,1,0.2812385,0
1240,0.5281494265407489,1,0.21145251,0
1241,0.1358830600924395,0,0.097227775,0
1242,0.6665248632711218,1,0.24660662,0
1243,0.1532209295929526,0,0.11049705,0
1244,0.6720437365704914,1,0.4457808,1
1245,0.14652890448298223,0,0.11257199,0
1246,0.11573461271911793,0,0.12084721,0
1248,0.838412824151192,1,0.95690113,1
1249,0.15175759582997736,0,0.22483566,0
1250,0.012544013158395696,0,0.041502334,0
1251,0.6825284212192976,1,0.23877938,0
1252,0.5301210205975386,1,0.28692666,0
1254,0.39464213724547215,0,0.36054203,1
1255,0.1180395837619351,0,0.08672236,0
1256,0.22365159904866144,0,0.0647193,0
1257,0.3444499230514693,0,0.2714563,0
1258,0.4750151325256392,1,0.44474295,1
1259,0.3529003866853135,0,0.3183984,1
1260,0.28648215168540714,0,0.08674687,0
1263,0.2708909026199284,0,0.03823518,0
1264,0.18203035689199693,0,0.050269645,0
1265,0.14744698762725705,0,0.40894863,1
1267,0.4493502348090262,1,0.061154623,0
1268,0.0449202202756168,0,0.039726235,0
1269,0.7759917253136068,1,0.7933356,1
1270,0.4807800238247031,1,0.59977573,1
1273,0.9410613351706126,1,0.82541984,1
1275,0.5739665297308642,1,0.26587752,0
1277,0.5629597921980601,1,0.5458601,1
1278,0.3312503668630208,0,0.07144218,0
1279,0.9755313083896171,1,0.9748252,1
1280,0.19605060734316104,0,0.0954146,0
1281,0.7789106926568836,1,0.14152047,0
1282,0.4930150642023754,1,0.14166968,0
1283,0.12400274818100472,0,0.095266595,0
1285,0.5399979377397924,1,0.14794978,0
1286,0.7294306198122367,1,0.32176295,1
1288,0.10828549265237625,0,0.032930892,0
1289,0.39453719749060545,0,0.15708864,0
1291,0.16635733798042385,0,0.15814297,0
1292,0.5201634079217886,1,0.1704873,0
1293,0.28040316793496156,0,0.1735344,0
1294,0.6481011725005444,1,0.13451688,0
1295,0.421704269898628,1,0.9013914,1
1296,0.6629333446276062,1,0.37731916,1
1297,0.629353442399603,1,0.38334796,1
1298,0.3856506847923893,0,0.20183706,0
1299,0.3951955866681453,0,0.44819492,1
1301,0.855153104935325,1,0.640382,1
1303,0.7331505796714277,1,0.82310104,1
1304,0.04711048602963239,0,0.11069812,0
1306,0.6987253146584604,1,0.13926728,0
1307,0.8461009972348401,1,0.08026472,0
1308,0.3960366290930235,0,0.2731702,0
1309,0.24562257326830259,0,0.6737234,1
1310,0.7801143590761268,1,0.90034163,1
1311,0.48461540349926274,1,0.102707885,0
1312,0.5289772561598396,1,0.28370827,0
1314,0.5241595619107893,1,0.22777161,0
1315,0.11648754371593095,0,0.101617634,0
1317,0.41756439963383907,1,0.064474575,0
1318,0.8917125441667877,1,0.4679009,1
1319,0.9211747133916623,1,0.64249253,1
1321,0.47706325024556745,1,0.093482055,0
1322,0.5262824168909724,1,0.13877231,0
1324,0.1897421922940015,0,0.16178963,0
1329,0.8759100805137606,1,0.24511941,0
1331,0.8820184478155885,1,0.8798573,1
1333,0.5939965584409579,1,0.41294843,1
1334,0.047586065785464676,0,0.043399606,0
1336,0.19001699941492653,0,0.1984494,0
1338,0.29850568695879565,0,0.087069154,0
1340,0.6225509435472971,1,0.31031892,1
1344,0.09524836220063594,0,0.064362295,0
1346,0.2989668356131758,0,0.07989965,0
1349,0.3296730430722702,0,0.07426781,0
1350,0.7796166826564076,1,0.3761077,1
1352,0.07330238929800229,0,0.05874163,0
1355,0.24006488304095214,0,0.101345226,0
1356,0.758248489862695,1,0.14709565,0
1358,0.15338952028379027,0,0.25984207,0
1360,0.46077775571783874,1,0.5568855,1
1361,0.4073409795840091,1,0.13014764,0
1362,0.582560080239441,1,0.10741045,0
1363,0.1311646106601716,0,0.089129,0
1364,0.651550261275187,1,0.22050472,0
1367,0.3306979790639413,0,0.09053415,0
1368,0.1108305837648815,0,0.45120513,1
1369,0.33923255872765284,0,0.0876211,0
1371,0.894241608314639,1,0.21440312,0
1372,0.7328172749082922,1,0.30851576,1
1373,0.3924115600422545,0,0.07927697,0
1374,0.3370341731328358,0,0.32876292,1
1375,0.23182411880877044,0,0.070605636,0
1377,0.8314935630004741,1,0.31386366,1
1379,0.8803695145179977,1,0.9718024,1
1380,0.7764031324424379,1,0.45305848,1
1382,0.14883379396412014,0,0.3161999,1
1383,0.10280295224475042,0,0.051384926,0
1387,0.9444570705264725,1,0.3093297,1
1389,0.39927402242489674,0,0.13131183,0
1390,0.4097489350245767,1,0.16787174,0
1391,0.7197053013976853,1,0.3415323,1
1392,0.31527578538300366,0,0.16521828,0
1394,0.32655367133131763,0,0.25896373,0
1395,0.7226045223702062,1,0.1795097,0
1396,0.6871829136070776,1,0.2856523,0
1397,0.0867337101071867,0,0.04832223,0
1399,0.7874867903583983,1,0.30728552,1
1401,0.29473328771928226,0,0.12542805,0
1402,0.7164997960104798,1,0.29503083,0
1403,0.6156772065548415,1,0.11891909,0
1405,0.7498315502956406,1,0.69298476,1
1407,0.5856489438059111,1,0.26005763,0
1408,0.07901846596373242,0,0.034542285,0
1409,0.7490475460528211,1,0.3522356,1
1411,0.4152939552661589,1,0.36339486,1
1412,0.7453160526873959,1,0.16791452,0
1415,0.6328934860880168,1,0.19204913,0
1417,0.1721825577740292,0,0.17086038,0
1419,0.8189963400067563,1,0.39514107,1
1420,0.8821154943164874,1,0.87041557,1
1421,0.7496814449718566,1,0.50794125,1
1422,0.19570185442889013,0,0.07799413,0
1423,0.05031541110512883,0,0.061952583,0
1424,0.006518396973388244,0,0.024545843,0
1425,0.41728043666153175,1,0.18615815,0
1427,0.9783821647164823,1,0.9872838,1
1428,0.7292872594064712,1,0.15551318,0
1430,0.86705693639044,1,0.35949773,1
1431,0.32635990431142875,0,0.25273323,0
1433,0.9451634914800657,1,0.9889972,1
1434,0.5944109522015422,1,0.34449503,1
1435,0.6196863556431396,1,0.22542238,0
1436,0.8972343132654841,1,0.12573637,0
1438,0.47804659677444,1,0.15361355,0
1439,0.9603174532588591,1,0.84605926,1
1440,0.19426361349967677,0,0.15608795,0
1441,0.3471014424509703,0,0.3231798,1
1443,0.1420347004343827,0,0.07960074,0
1445,0.3542066717376484,0,0.1032934,0
1446,0.358995015269038,0,0.11202369,0
1447,0.6630884713694988,1,0.15845965,0
1448,0.37630862402168586,0,0.24993397,0
1449,0.03325318093564629,0,0.064298764,0
1453,0.3383435087213984,0,0.21623012,0
1457,0.35937575406886674,0,0.86269546,1
1458,0.5042578794758563,1,0.83891165,1
1459,0.7144854286115806,1,0.916005,1
1460,0.2192126033029689,0,0.108092174,0
1461,0.486520732569945,1,0.31198552,1
1464,0.780658129753522,1,0.6046625,1
1465,0.11086673166586906,0,0.13587925,0
1466,0.4320540053004031,1,0.09905399,0
1467,0.6019807013841099,1,0.9144835,1
1468,0.06058686755263139,0,0.08633275,0
1469,0.4071444125814231,1,0.10408386,0
1471,0.16744216106833903,0,0.20983587,0
1472,0.23225673722357157,0,0.07612627,0
1473,0.27228204859826466,0,0.0638831,0
1474,0.10943310853038905,0,0.19123831,0
1475,0.48263330548056826,1,0.40289766,1
1477,0.8152733087293739,1,0.38533658,1
1478,0.2574911761169218,0,0.27972537,0
1479,0.7931679483386304,1,0.14316265,0
1480,0.42232089674110607,1,0.13681889,0
1481,0.920504223526711,1,0.38044223,1
1482,0.4093510878936168,1,0.81965655,1
1483,0.09178419236466571,0,0.07904993,0
1484,0.02354788214603551,0,0.047413316,0
1485,0.8311123932890937,1,0.20000692,0
1486,0.5783803569750448,1,0.9048389,1
1487,0.99641673846852,1,0.97705734,1
1489,0.8089109045003818,1,0.5136385,1
1492,0.6119790780844083,1,0.3920319,1
1494,0.9530058672827662,1,0.9792184,1
1495,0.6820985291500892,1,0.8656523,1
1496,0.666256939323908,1,0.10377153,0
1497,0.258769411669919,0,0.09371817,0
1499,0.26183607687723065,0,0.16952802,0
1501,0.2138541519192589,0,0.07822829,0
1502,0.7845912744013976,1,0.32821298,1
1503,0.4987450273367884,1,0.21629654,0
1504,0.9815970715099281,1,0.97801524,1
1506,0.753307918473839,1,0.7101803,1
1507,0.8373010506573666,1,0.33751068,1
1509,0.6921664149333497,1,0.18469903,0
1513,0.298824645277617,0,0.25176567,0
1514,0.6062839288496112,1,0.13365203,0
1515,0.20602568535587595,0,0.4274537,1
1516,0.20299323866759236,0,0.11333048,0
1520,0.07967773284312635,0,0.04297154,0
1522,0.9618446462878445,1,0.9472273,1
1523,0.5726931062748108,1,0.11049252,0
1525,0.5424950559609714,1,0.13545449,0
1527,0.6923939267720753,1,0.14692122,0
1529,0.61030501671125,1,0.20518091,0
1533,0.9067136663209677,1,0.22707841,0
1534,0.724412293116628,1,0.9050299,1
1535,0.4705223603687112,1,0.36366504,1
1537,0.8318541181445397,1,0.9325789,1
1539,0.8452543957941221,1,0.21516176,0
1541,0.10741946158453759,0,0.13501099,0
1542,0.5010801009281497,1,0.06917747,0
1543,0.47875231660204803,1,0.24077891,0
1544,0.33719860122585804,0,0.26167542,0
1545,0.815893085783637,1,0.2667604,0
1546,0.1560343980022921,0,0.0994913,0
1547,0.47004354364005907,1,0.22663285,0
1548,0.7243331614099776,1,0.12654367,0
1549,0.4506119561735117,1,0.10326885,0
1550,0.19514684005003738,0,0.06731375,0
1551,0.6939448164110888,1,0.7097016,1
1552,0.04263872229763759,0,0.05218001,0
1553,0.5570717627577212,1,0.15158775,0
1554,0.570538648910824,1,0.10261754,0
1555,0.5992730615601911,1,0.26357263,0
1556,0.3994075995054356,0,0.30192885,1
1557,0.5779293419251782,1,0.06755034,0
1558,0.6170568903505279,1,0.6640636,1
1560,0.6813966617811841,1,0.18980683,0
1562,0.632376982700693,1,0.7981224,1
1563,0.6247812254358436,1,0.26033473,0
1564,0.7029122935044527,1,0.293121,0
1568,0.7921888828774092,1,0.09736969,0
1569,0.8504987708013693,1,0.6785451,1
1572,0.03402040267613166,0,0.08086424,0
1573,0.6738121833071093,1,0.7591777,1
1574,0.5171304784426751,1,0.09367252,0
1576,0.8131583160142792,1,0.29187226,0
1577,0.836090960740631,1,0.57296723,1
1578,0.10444837634615263,0,0.10808651,0
1580,0.6408634736553106,1,0.08655012,0
1581,0.697828419522098,1,0.8680408,1
1582,0.2801921704719365,0,0.10440012,0
1583,0.8128995622717807,1,0.330741,1
1585,0.741025030788223,1,0.33162865,1
1586,0.21295594004219764,0,0.21456209,0
1587,0.4851677788435636,1,0.2137381,0
1588,0.3402727506699674,0,0.08637163,0
1590,0.2176516766286985,0,0.14181365,0
1591,0.26876642289635116,0,0.12183199,0
1592,0.22293149623842073,0,0.27938232,0
1594,0.6040886914644237,1,0.11739107,0
1595,0.18632287614957646,0,0.046707813,0
1596,0.28108588502973997,0,0.13414572,0
1597,0.726685588261928,1,0.3292536,1
1598,0.7634174387668561,1,0.17577535,0
1599,0.32298806065643704,0,0.10959772,0
1601,0.1480257057029333,0,0.21330768,0
1602,0.28016002311820337,0,0.07242149,0
1604,0.6317626322083477,1,0.8824606,1
1605,0.6357840521855307,1,0.41614267,1
1606,0.4597644746686381,1,0.06556226,0
1607,0.05903494757398257,0,0.07947541,0
1608,0.03332160187937167,0,0.030610917,0
1609,0.8869632788311755,1,0.76328206,1
1611,0.8393853317119342,1,0.20573065,0
1612,0.9079464081157187,1,0.21692303,0
1613,0.8624689561316383,1,0.44172728,1
1614,0.8846169558408065,1,0.28184864,0
1615,0.5573044580118777,1,0.121961705,0
1617,0.42045761192322273,1,0.16913508,0
1618,0.3225167774348755,0,0.11262249,0
1619,0.19225423129230795,0,0.1470279,0
1621,0.31643242135090865,0,0.198695,0
1622,0.8919411486184181,1,0.3374442,1
1623,0.43831891242555027,1,0.26877195,0
1624,0.8815176055740617,1,0.9226402,1
1625,0.1914950754182652,0,0.028790474,0
1627,0.10788492024981407,0,0.074142374,0
1628,0.4273263343340352,1,0.17769088,0
1630,0.0541186208715694,0,0.052646108,0
1631,0.4465082248536091,1,0.113038585,0
1633,0.749186762669764,1,0.14056286,0
1635,0.014296819996684598,0,0.06096938,0
1638,0.09775874689170945,0,0.14921644,0
1639,0.9424962083471542,1,0.8541265,1
1640,0.691261952433162,1,0.21016549,0
1641,0.611219177365494,1,0.18950494,0
1642,0.6649093483481662,1,0.14152427,0
1644,0.1612919896920116,0,0.05861337,0
1645,0.8677612111028112,1,0.69508004,1
1646,0.7614618364702399,1,0.3408016,1
1647,0.8398335274522817,1,0.4224557,1
1648,0.7615602215442874,1,0.30356517,1
1649,0.7967915862560357,1,0.8632239,1
1650,0.9728619088763478,1,0.38946244,1
1651,0.594241830336694,1,0.14785588,0
1653,0.03873497778274252,0,0.0780304,0
1654,0.670483752873706,1,0.43267348,1
1655,0.24051297075930703,0,0.056732252,0
1656,0.11618762222704342,0,0.08393677,0
1657,0.7571686054557694,1,0.4046698,1
1658,0.19953009085589457,0,0.06986595,0
1659,0.6061423917716662,1,0.58074844,1
1661,0.02623006007353014,0,0.07381385,0
1662,0.1415536151909637,0,0.04529151,0
1664,0.26411166114217643,0,0.059021477,0
1665,0.025716151180024103,0,0.05250383,0
1666,0.17657903484639081,0,0.074966535,0
1667,0.44308842944638277,1,0.14178023,0
1668,0.04510330317672388,0,0.08188741,0
1669,0.7710752250947116,1,0.27886522,0
1670,0.12873250953378598,0,0.03441859,0
1671,0.13171008990717553,0,0.05698073,0
1673,0.7398352792098429,1,0.10984974,0
1674,0.45812244266513286,1,0.22617488,0
1675,0.8577224114674895,1,0.3026886,1
1676,0.15452465907623728,0,0.040747996,0
1677,0.41370482333603836,1,0.042426877,0
1678,0.29736148771839505,0,0.132557,0
1680,0.9200350757421432,1,0.78760004,1
1681,0.17106771443961707,0,0.1465583,0
1682,0.7331079166006809,1,0.21586859,0
1683,0.1226824233892497,0,0.10709663,0
1684,0.6586697316100523,1,0.45701534,1
1687,0.12904937059432012,0,0.076163255,0
1689,0.2594620834758215,0,0.10001474,0
1691,0.22932609507635537,0,0.23510256,0
1692,0.8366709112930519,1,0.9666618,1
1693,0.11431927068079278,0,0.09654719,0
1694,0.6431954854461989,1,0.23335297,0
1696,0.07849433405643305,0,0.08723432,0
1697,0.12785396116141118,0,0.053560846,0
1698,0.04041126356390362,0,0.22872543,0
1700,0.4765491883469001,1,0.151168,0
1701,0.6120194871749614,1,0.31049007,1
1702,0.5307195567118763,1,0.43919653,1
1703,0.10935623598616122,0,0.08545544,0
1704,0.5536386206191751,1,0.24375659,0
1706,0.1393863113984516,0,0.09478924,0
1707,0.20044385608537788,0,0.14427716,0
1708,0.6288564834850953,1,0.18633407,0
1709,0.6101422750830201,1,0.15173583,0
1710,0.5790775253179156,1,0.32496688,1
1712,0.16320074247655444,0,0.06642462,0
1714,0.8978088661592153,1,0.9480979,1
1716,0.9790747303370557,1,0.8243244,1
1718,0.5349373258776284,1,0.36991578,1
1719,0.7567685864489575,1,0.10658386,0
1720,0.8870232410033264,1,0.8029658,1
1721,0.23951209380139335,0,0.12314843,0
1722,0.49638402040635426,1,0.09551834,0
1724,0.34060515916824285,0,0.29391003,0
1725,0.63101859283263,1,0.18994781,0
1727,0.36930493078164217,0,0.109612145,0
1728,0.04865515687600285,0,0.03808275,0
1729,0.43698209692437273,1,0.27518854,0
1731,0.8202857903491511,1,0.11801673,0
1732,0.21247368812346268,0,0.105147146,0
1733,0.6489389984556766,1,0.12761122,0
1734,0.9540509321131777,1,0.96836144,1
1735,0.8741630081548222,1,0.64626914,1
1736,0.5520762264138956,1,0.15134092,0
1737,0.0321052493720088,0,0.049205925,0
1739,0.8501096422563033,1,0.42011654,1
1740,0.8830882646717596,1,0.09063632,0
1744,0.5507823609601887,1,0.19466761,0
1745,0.28081680960711625,0,0.18757887,0
1746,0.6276812850255644,1,0.22956777,0
1747,0.8901112704555711,1,0.94561124,1
1749,0.40332183815294104,1,0.12071774,0
1751,0.3801882076966311,0,0.2526472,0
1752,0.9517948135733544,1,0.9722624,1
1753,0.605543513434617,1,0.26556924,0
1754,0.7449082783634902,1,0.15150313,0
1755,0.14142377971627634,0,0.058402076,0
1756,0.5463650037546125,1,0.4165416,1
1757,0.4434382420922867,1,0.103270724,0
1758,0.9552801482829444,1,0.91432476,1
1760,0.7494759526108786,1,0.3384469,1
1761,0.7599272944163923,1,0.9243921,1
1762,0.741665131330096,1,0.8892466,1
1763,0.3534829372518211,0,0.28257605,0
1764,0.2298348161403692,0,0.49167126,1
1766,0.5213612409839673,1,0.24875997,0
1767,0.8377901437646822,1,0.6695726,1
1768,0.5785736652019327,1,0.40623948,1
1770,0.6305817459178215,1,0.11350045,0
1771,0.13699419252282627,0,0.14128205,0
1772,0.4832099889225262,1,0.15530889,0
1774,0.026855312513268902,0,0.056927495,0
1775,0.16655384917434907,0,0.06936756,0
1778,0.12852252209219786,0,0.106899925,0
1779,0.89239236955789,1,0.25956044,0
1780,0.9460531122611108,1,0.9745584,1
1782,0.12320967457524153,0,0.07606063,0
1783,0.5521834739171951,1,0.8360901,1
1784,0.7579836984542159,1,0.16733956,0
1786,0.27585249407747703,0,0.09178222,0
1787,0.8330442205736216,1,0.26160616,0
1789,0.1675530330098681,0,0.035990834,0
1790,0.6256516304515508,1,0.14143088,0
1792,0.542242114790186,1,0.6339756,1
1794,0.1164558901065038,0,0.20770872,0
1797,0.5267811270047048,1,0.37310922,1
1798,0.4320883389252587,1,0.14086583,0
1799,0.1281761219491663,0,0.15864277,0
1800,0.5346588493468083,1,0.095211744,0
1801,0.9086434737956648,1,0.24032909,0
1802,0.33558174815554337,0,0.08983277,0
1803,0.5907142881589154,1,0.12339108,0
1804,0.013483681734990087,0,0.023998832,0
1805,0.08254012949598462,0,0.14568262,0
1807,0.6246281123135194,1,0.8000219,1
1809,0.6675211385288374,1,0.8706823,1
1812,0.2296026906531109,0,0.18786949,0
1813,0.7693033238883035,1,0.52832454,1
1814,0.8104236505952634,1,0.26951876,0
1815,0.17478222770918578,0,0.08345987,0
1816,0.922695387019259,1,0.32546213,1
1818,0.560108287160232,1,0.1778802,0
1821,0.1908695313666067,0,0.8663164,1
1822,0.04450389735480211,0,0.041869193,0
1823,0.129101617899996,0,0.04387418,0
1824,0.1385505966463128,0,0.088028155,0
1826,0.6297707509420727,1,0.19410431,0
1827,0.5616235123424528,1,0.077078395,0
1829,0.6080363849408414,1,0.18278801,0
1830,0.1751528050338792,0,0.15568627,0
1833,0.7967973962659297,1,0.20746349,0
1834,0.39848246646943647,0,0.208177,0
1835,0.3356666370957786,0,0.14032449,0
1836,0.805705147660154,1,0.107477285,0
1837,0.4048527143130379,1,0.13846116,0
1839,0.6654123472267158,1,0.9296623,1
1842,0.4618288366339165,1,0.937785,1
1844,0.864948307418743,1,0.7774868,1
1845,0.2404318971074631,0,0.13508736,0
1847,0.13718192151350114,0,0.115431815,0
1849,0.4602483546671708,1,0.07895712,0
1850,0.395428469919984,0,0.14271481,0
1852,0.18727695015966217,0,0.09405691,0
1853,0.8453155176490125,1,0.25653657,0
1854,0.33726380531933337,0,0.19264166,0
1856,0.8160085532480569,1,0.40018803,1
1857,0.09335259394715145,0,0.105926976,0
1858,0.2395895062281594,0,0.18234919,0
1859,0.5376137034976367,1,0.15675177,0
1860,0.22395601349129493,0,0.16082458,0
1862,0.9418112510946224,1,0.77693856,1
1863,0.09041218643089186,0,0.059060544,0
1864,0.5884061832808956,1,0.1962991,0
1865,0.7423218472852079,1,0.4448548,1
1866,0.570073219032182,1,0.17151709,0
1867,0.39003674948875694,0,0.07241294,0
1868,0.8720036198036164,1,0.9231521,1
1869,0.28097998591957657,0,0.8810136,1
1870,0.639389659464023,1,0.18960583,0
1871,0.3003541782114845,0,0.09589347,0
1873,0.27676214956537215,0,0.073518276,0
1875,0.5778693863561013,1,0.30117035,1
1876,0.8849482252691135,1,0.956682,1
1878,0.8443058534240685,1,0.93456525,1
1880,0.4035786667390531,1,0.07809799,0
1881,0.7063811617385943,1,0.12667899,0
1882,0.20755850003802,0,0.17176381,0
1883,0.7562211786028897,1,0.5854038,1
1885,0.39007998531331817,0,0.12849374,0
1886,0.5612702562025592,1,0.14162174,0
1888,0.26879750379842154,0,0.07361148,0
1890,0.4844666712654908,1,0.07942286,0
1892,0.4363958660900209,1,0.039239474,0
1893,0.8153495275563266,1,0.71381557,1
1898,0.5335977367362147,1,0.086301595,0
1900,0.1945847253311193,0,0.09049668,0
1903,0.3746090599279598,0,0.06744645,0
1905,0.7570298560487243,1,0.5051895,1
1907,0.3873081095052984,0,0.8740382,1
1908,0.7846099853762812,1,0.44654194,1
1909,0.6123298680722161,1,0.16879433,0
1911,0.6490854258616,1,0.07953938,0
1912,0.24669049538325974,0,0.061901238,0
1915,0.4760975589024392,1,0.102485254,0
1916,0.8928339269237143,1,0.23603794,0
1918,0.10736337448545476,0,0.16853805,0
1922,0.6667610472281271,1,0.10448959,0
1924,0.7369044339554026,1,0.2837516,0
1927,0.5193913282739346,1,0.13611454,0
1928,0.9447235324756555,1,0.9803836,1
1929,0.7536511991944262,1,0.14872368,0
1931,0.6676073547788728,1,0.2914488,0
1932,0.24868464359305034,0,0.11293515,0
1933,0.6913790296608855,1,0.582912,1
1934,0.11987899657748417,0,0.10846432,0
1935,0.6175676477027441,1,0.26685774,0
1936,0.5177101083228557,1,0.19415525,0
1937,0.1533158418412603,0,0.06953474,0
1938,0.16217564248220512,0,0.10333495,0
1939,0.8663836162351052,1,0.90034074,1
1940,0.024656709449833645,0,0.13741475,0
1941,0.15123776465187494,0,0.04198824,0
1943,0.30759218829076496,0,0.16170031,0
1944,0.9752578643010006,1,0.9845663,1
1945,0.8253203090031115,1,0.1396544,0
1947,0.5166632841044781,1,0.2554129,0
1948,0.1920024030170977,0,0.16788669,0
1949,0.2687152511936063,0,0.33928302,1
1950,0.7658381545792703,1,0.2631816,0
1951,0.40028963758875313,1,0.10812991,0
1952,0.6816608997960422,1,0.12654112,0
1954,0.8595924594002611,1,0.10286034,0
1955,0.12796351592751581,0,0.0498465,0
1956,0.7061938227956868,1,0.40350783,1
1960,0.762877797052312,1,0.87206846,1
1961,0.8771626167516491,1,0.8007163,1
1962,0.16484627251015838,0,0.106016755,0
1965,0.31619858232507425,0,0.0738422,0
1966,0.5528240243908485,1,0.19386499,0
1967,0.6663209580697212,1,0.57290125,1
1968,0.9570712459047779,1,0.4813082,1
1969,0.5541789105764369,1,0.27085733,0
1970,0.09216008921958048,0,0.08193668,0
1971,0.44834712518575054,1,0.32333264,1
1972,0.26603441075745926,0,0.13633877,0
1973,0.21893675385788036,0,0.055874735,0
1974,0.3328661236303632,0,0.4415505,1
1975,0.9458501366943226,1,0.113766864,0
1976,0.331637261804717,0,0.085001156,0
1979,0.2217162356086172,0,0.117121406,0
1980,0.7485813611722694,1,0.18271461,0
1981,0.925021434171942,1,0.29448476,0
1982,0.1704431885108441,0,0.1182271,0
1985,0.7201643055203746,1,0.11951033,0
1986,0.33040850242065356,0,0.064039946,0
1987,0.7585962764899892,1,0.33748686,1
1989,0.11831007028894074,0,0.09006997,0
1992,0.10410304556999231,0,0.15869607,0
1993,0.39909149149379103,0,0.1485012,0
1994,0.41270127115864136,1,0.22687474,0
1995,0.14616996890942804,0,0.03857346,0
1996,0.41175823248447047,1,0.15335712,0
1997,0.8694873348228123,1,0.27302775,0
1998,0.6972563351049368,1,0.21446438,0
1999,0.21392783084719819,0,0.10976272,0
2000,0.06538229723968789,0,0.044618376,0
2003,0.650721118350325,1,0.13283332,0
2007,0.38023965948421967,0,0.089247026,0
2008,0.17288194182703068,0,0.06206957,0
2009,0.6172126713443962,1,0.09791985,0
2010,0.9277811115149995,1,0.52103513,1
2012,0.5393851396226222,1,0.16874005,0
2013,0.8817640489165502,1,0.09998918,0
2014,0.7831464341267972,1,0.14613672,0
2015,0.30904231506538427,0,0.05818681,0
2016,0.13087719313506066,0,0.10264453,0
2017,0.10515536878802231,0,0.08170675,0
2018,0.30297161501906167,0,0.11691195,0
2019,0.19404562818000123,0,0.3036863,1
2020,0.7546908502827369,1,0.16384763,0
2021,0.8848551379425227,1,0.30690345,1
2022,0.1759110232020431,0,0.043458726,0
2023,0.9491246271379234,1,0.97249573,1
2024,0.44100946426444637,1,0.11930405,0
2025,0.38760719191840837,0,0.22355114,0
2026,0.053229776347800684,0,0.039961316,0
2027,0.6533775583255198,1,0.13547947,0
2031,0.788526349448629,1,0.1483069,0
2032,0.5178061436570119,1,0.80079234,1
2034,0.3698892013943992,0,0.073107265,0
2035,0.25683682671357455,0,0.06875535,0
2036,0.24234025446431914,0,0.16811131,0
2037,0.1958350200302911,0,0.09923322,0
2038,0.6133857960597868,1,0.38569313,1
2040,0.447922557891052,1,0.09417978,0
2041,0.42897566746395854,1,0.20472723,0
2044,0.6366472028630324,1,0.8611745,1
2045,0.8786572885890275,1,0.11471286,0
2046,0.9137612469393946,1,0.20654975,0
2048,0.334302833443602,0,0.12417551,0
2049,0.42409643267935215,1,0.09911887,0
2051,0.08852975686191364,0,0.060545485,0
2052,0.4211063693654001,1,0.23140007,0
2053,0.5864858766447562,1,0.17569777,0
2054,0.9013341473547101,1,0.35296133,1
2055,0.7159132455616986,1,0.3265843,1
2056,0.8165455613465514,1,0.15218647,0
2057,0.31774849549475626,0,0.16860475,0
2060,0.34134422100924533,0,0.15497634,0
2061,0.27609219646652133,0,0.078524575,0
2062,0.5138046321554744,1,0.21726348,0
2064,0.7500937074986093,1,0.07953507,0
2065,0.3345388762659458,0,0.152281,0
2068,0.5835528504506201,1,0.20766415,0
