subcategory,date,model,forecast,lower_ci,upper_ci
subcategory_0,2018-12-31,sktime_Prophet,99.00193845456906,-176.07549304526054,371.87634567681334
subcategory_0,2019-01-01,sktime_Prophet,98.8137842905773,-183.5104179476389,391.5438164541483
subcategory_0,2019-01-02,sktime_Prophet,68.05138733192389,-192.23843217527318,353.66847199379436
subcategory_0,2019-01-03,sktime_Prophet,24.651846108647604,-241.50651400150744,288.69812011702095
subcategory_0,2019-01-04,sktime_Prophet,30.14953325814286,-250.3888483094731,276.3747023597683
subcategory_0,2019-01-05,sktime_Prophet,64.5192592162042,-220.68767139042757,359.3715833528063
subcategory_0,2019-01-06,sktime_Prophet,79.4127086734695,-194.9948370234996,341.9793092227703
subcategory_0,2019-01-07,sktime_Prophet,69.68947112673453,-203.95843309812517,336.89025259222626
subcategory_0,2019-01-08,sktime_Prophet,75.17592135789725,-189.34614670669433,346.0930709087413
subcategory_0,2019-01-09,sktime_Prophet,50.313694562949905,-237.6748354424256,322.0005949935391
subcategory_0,2019-01-10,sktime_Prophet,12.888852617670707,-260.87737036652453,287.7195958607649
subcategory_0,2019-01-11,sktime_Prophet,24.285373461843164,-258.9110341511518,294.6678733188187
subcategory_0,2019-01-12,sktime_Prophet,64.33233384879948,-206.01189537837084,328.370719046272
subcategory_0,2019-01-13,sktime_Prophet,84.54419479270088,-207.28950269057032,360.943265719574
subcategory_0,2019-01-14,sktime_Prophet,79.6554061562885,-209.65557489782137,360.67021986578794
subcategory_0,2019-01-15,sktime_Prophet,89.3824898007447,-192.29437706105233,349.8876339536179
subcategory_0,2019-01-16,sktime_Prophet,68.07526074746195,-195.7159592109212,341.5389107164313
subcategory_0,2019-01-17,sktime_Prophet,33.44821103015394,-243.76450901291292,313.68747522617264
subcategory_0,2019-01-18,sktime_Prophet,46.835631810653915,-218.2333938832234,331.16802977530926
subcategory_0,2019-01-19,sktime_Prophet,88.03980447861916,-200.73901534989767,354.55794834156706
subcategory_0,2019-01-20,sktime_Prophet,108.57164842585638,-163.44070812543507,406.66095357598374
subcategory_0,2019-01-21,sktime_Prophet,103.18503865402468,-158.84469597744106,386.3936307528072
subcategory_0,2019-01-22,sktime_Prophet,111.63796767714372,-164.2467301442719,412.797318747326
subcategory_0,2019-01-23,sktime_Prophet,88.34224396114647,-182.45738630693523,352.97765200137457
subcategory_0,2019-01-24,sktime_Prophet,51.092801060164874,-215.66202909240866,339.8221522227331
subcategory_0,2019-01-25,sktime_Prophet,61.32025765403675,-209.9850890169752,335.0911657307265
subcategory_0,2019-01-26,sktime_Prophet,98.93613703271649,-183.6980590116209,377.78871623319486
subcategory_0,2019-01-27,sktime_Prophet,115.57022241151726,-142.35157597041106,379.05354104322157
subcategory_0,2019-01-28,sktime_Prophet,106.1013581803445,-177.00523166759228,365.66916336177195
subcategory_0,2019-01-29,sktime_Prophet,110.41497391097965,-173.6846803141798,385.8523887254163
subcategory_1,2018-12-31,sktime_Prophet,57.14929946446563,-120.71933702177054,232.20845992424455
subcategory_1,2019-01-01,sktime_Prophet,52.32147241999933,-131.83160645834081,227.46806290040104
subcategory_1,2019-01-02,sktime_Prophet,40.005311621463264,-147.31060532095776,211.38976788096323
subcategory_1,2019-01-03,sktime_Prophet,13.762818739110699,-154.1574788864047,195.71640005543838
subcategory_1,2019-01-04,sktime_Prophet,26.2224799787294,-149.48239564983828,211.12508180323593
subcategory_1,2019-01-05,sktime_Prophet,37.93269974901392,-131.44856479713354,213.88142239362583
subcategory_1,2019-01-06,sktime_Prophet,34.35929895456653,-133.69714886850898,218.7840006430082
subcategory_1,2019-01-07,sktime_Prophet,42.50275889651839,-129.69215403829753,226.48955203825574
subcategory_1,2019-01-08,sktime_Prophet,39.21101421167248,-129.7816133851293,221.37823189828177
subcategory_1,2019-01-09,sktime_Prophet,28.539121984232658,-144.73770853497481,197.36435852497274
subcategory_1,2019-01-10,sktime_Prophet,4.007861000376927,-178.51576997042963,173.58242048741357
subcategory_1,2019-01-11,sktime_Prophet,18.20372988548135,-152.8467412119888,184.5062948295242
subcategory_1,2019-01-12,sktime_Prophet,31.63350217303916,-133.08961738112328,202.2223576174679
subcategory_1,2019-01-13,sktime_Prophet,29.72282790400113,-150.79456012319866,210.17729611594848
subcategory_1,2019-01-14,sktime_Prophet,39.434533383812216,-143.86205239184025,221.0036495138941
subcategory_1,2019-01-15,sktime_Prophet,37.582394531787585,-135.15286707025447,219.77534508788807
subcategory_1,2019-01-16,sktime_Prophet,28.191685056127348,-153.81760147897728,216.3122062174268
subcategory_1,2019-01-17,sktime_Prophet,4.758530309433787,-167.36215477108516,199.53994738410563
subcategory_1,2019-01-18,sktime_Prophet,19.850515841800387,-151.29503032559833,197.81364375394296
subcategory_1,2019-01-19,sktime_Prophet,33.96169288906187,-135.17083008856414,218.3650021622744
subcategory_1,2019-01-20,sktime_Prophet,32.511458912055566,-138.67893955570676,214.82595234812425
subcategory_1,2019-01-21,sktime_Prophet,42.46295795495996,-127.94658140685215,216.72772244237837
subcategory_1,2019-01-22,sktime_Prophet,40.63677419646052,-138.6410003442934,225.9735108111505
subcategory_1,2019-01-23,sktime_Prophet,31.07122271489396,-139.86104104053524,209.8092880519737
subcategory_1,2019-01-24,sktime_Prophet,7.281275870237657,-171.52085564703427,190.81883572209864
subcategory_1,2019-01-25,sktime_Prophet,21.858586422027415,-167.52910837041526,193.79130257101755
subcategory_1,2019-01-26,sktime_Prophet,35.325765944417924,-129.85313729396879,211.7945019325759
subcategory_1,2019-01-27,sktime_Prophet,33.13441675618046,-158.87508623538884,213.9826128954328
subcategory_1,2019-01-28,sktime_Prophet,42.28258546807202,-139.09223818792177,220.14440779108222
subcategory_1,2019-01-29,sktime_Prophet,39.6274374631983,-131.11109209848252,217.52172555248916
subcategory_10,2018-12-31,sktime_Prophet,6.047227911368252,-18.74322609722155,29.732473189312717
subcategory_10,2019-01-01,sktime_Prophet,5.51414819620731,-20.583312832486996,30.159340148200943
subcategory_10,2019-01-02,sktime_Prophet,3.8713450248778702,-21.013221860576,29.72392604717701
subcategory_10,2019-01-03,sktime_Prophet,1.3889213679005321,-24.70180358722459,27.213498084118136
subcategory_10,2019-01-04,sktime_Prophet,3.4459026479501444,-22.339760744831477,27.049086939906626
subcategory_10,2019-01-05,sktime_Prophet,5.780087393702758,-19.90820511803827,32.86559857025928
subcategory_10,2019-01-06,sktime_Prophet,6.322597403136237,-18.915027049872837,29.695753910635222
subcategory_10,2019-01-07,sktime_Prophet,4.851350513714712,-20.459941965257926,29.689201140166436
subcategory_10,2019-01-08,sktime_Prophet,4.36625413617409,-19.322815019227015,27.82961370647315
subcategory_10,2019-01-09,sktime_Prophet,2.7794038124096634,-22.863469758554935,28.853667344206386
subcategory_10,2019-01-10,sktime_Prophet,0.3601680151127393,-22.448592600686332,28.042781163589346
subcategory_10,2019-01-11,sktime_Prophet,2.4868671113549556,-21.935453596181326,26.463374635967174
subcategory_10,2019-01-12,sktime_Prophet,4.896630392503572,-19.04348545253958,27.97904166163621
subcategory_10,2019-01-13,sktime_Prophet,5.51994789179554,-18.721987125545503,31.080421808487525
subcategory_10,2019-01-14,sktime_Prophet,4.134140379114307,-21.851681035173748,28.489613935949897
subcategory_10,2019-01-15,sktime_Prophet,3.7385461705579894,-22.857234245389794,28.744586958212842
subcategory_10,2019-01-16,sktime_Prophet,2.24470966065186,-23.0444159961479,27.277672742720455
subcategory_10,2019-01-17,sktime_Prophet,-0.07854641866570322,-25.32526907819447,24.749982334345624
subcategory_10,2019-01-18,sktime_Prophet,2.1465438024381935,-22.507654973593056,29.051865703432224
subcategory_10,2019-01-19,sktime_Prophet,4.656531538587946,-21.764089869893038,30.12013404330231
subcategory_10,2019-01-20,sktime_Prophet,5.381290677641402,-20.532974087971162,29.169713219940913
subcategory_10,2019-01-21,sktime_Prophet,4.0974746051801185,-20.91977649925884,30.150751135227697
subcategory_10,2019-01-22,sktime_Prophet,3.8036920995077996,-20.942449243637455,30.188224384828583
subcategory_10,2019-01-23,sktime_Prophet,2.410688055775238,-23.010452841216114,27.662709783097228
subcategory_10,2019-01-24,sktime_Prophet,0.1864117730690218,-25.291842449850247,25.61637297657384
subcategory_10,2019-01-25,sktime_Prophet,2.507682197125059,-22.80144028320172,29.005666251291196
subcategory_10,2019-01-26,sktime_Prophet,5.110035384449358,-21.140599148561858,31.58812234824589
subcategory_10,2019-01-27,sktime_Prophet,5.9222721072508335,-19.640951905553155,31.352268611159815
subcategory_10,2019-01-28,sktime_Prophet,4.719929969099285,-20.644051633115918,30.364462265432532
subcategory_10,2019-01-29,sktime_Prophet,4.5004793875539475,-21.65457958944125,30.47828676077636
subcategory_11,2018-12-31,sktime_Prophet,71.21553483280232,-243.0549368896476,377.6837467427346
subcategory_11,2019-01-01,sktime_Prophet,58.53220621595122,-252.26898128086575,378.07840383224664
subcategory_11,2019-01-02,sktime_Prophet,67.6784029203767,-265.64177765591353,380.15464006195083
subcategory_11,2019-01-03,sktime_Prophet,34.147503034428276,-282.750742133749,365.1874930728515
subcategory_11,2019-01-04,sktime_Prophet,41.690843098691346,-274.24522889179264,355.5855473636418
subcategory_11,2019-01-05,sktime_Prophet,63.32863653541412,-248.39998520601895,393.72749631271944
subcategory_11,2019-01-06,sktime_Prophet,33.506073722254214,-295.21294381703194,330.52612161273265
subcategory_11,2019-01-07,sktime_Prophet,38.953092319631764,-270.77624598648356,377.18638478227797
subcategory_11,2019-01-08,sktime_Prophet,26.296457774726207,-285.18878221297666,321.2667759081828
subcategory_11,2019-01-09,sktime_Prophet,36.17112617858892,-285.29412827917486,361.27307955811193
subcategory_11,2019-01-10,sktime_Prophet,4.0420139611377195,-318.4198871639829,321.1117780894618
subcategory_11,2019-01-11,sktime_Prophet,13.615032687901596,-300.0559617013329,362.3533269506636
subcategory_11,2019-01-12,sktime_Prophet,37.849344463700234,-276.4851719810847,352.4648320245322
subcategory_11,2019-01-13,sktime_Prophet,11.115195350268696,-301.64941595388655,335.1248969654575
subcategory_11,2019-01-14,sktime_Prophet,20.05576678413462,-315.25485633551335,358.15616261892745
subcategory_11,2019-01-15,sktime_Prophet,11.2016274923118,-315.3419140016553,308.6043302032331
subcategory_11,2019-01-16,sktime_Prophet,25.084693430591262,-307.75098538233476,334.42954310242413
subcategory_11,2019-01-17,sktime_Prophet,-2.9372498664512676,-305.2998260494844,293.5353769028163
subcategory_11,2019-01-18,sktime_Prophet,10.733322098545152,-288.1692746198642,319.3796052202916
subcategory_11,2019-01-19,sktime_Prophet,38.94876950051287,-269.05365492526045,347.37086197217883
subcategory_11,2019-01-20,sktime_Prophet,15.976894890664603,-305.6333256786109,340.89189965429244
subcategory_11,2019-01-21,sktime_Prophet,28.365427540968895,-296.19439383413743,360.23685596913367
subcategory_11,2019-01-22,sktime_Prophet,22.558899938317893,-276.7534993632493,331.49480733814994
subcategory_11,2019-01-23,sktime_Prophet,39.01476207109946,-259.817024781185,334.2770856345968
subcategory_11,2019-01-24,sktime_Prophet,13.02973370772494,-266.8136825114422,320.0478813043663
subcategory_11,2019-01-25,sktime_Prophet,28.155134175182212,-276.8147509319493,322.63431786348315
subcategory_11,2019-01-26,sktime_Prophet,57.213035008519086,-227.72838120070762,388.7444645818399
subcategory_11,2019-01-27,sktime_Prophet,34.45749423110817,-268.28641614458127,347.64813688545206
subcategory_11,2019-01-28,sktime_Prophet,46.43922758882782,-241.75767775859407,388.13705038590126
subcategory_11,2019-01-29,sktime_Prophet,39.62223069220137,-272.2184541156618,370.3677747472395
subcategory_12,2018-12-31,sktime_Prophet,56.16671150616768,-51.07563800263697,169.51342667007359
subcategory_12,2019-01-01,sktime_Prophet,49.2053745303957,-63.61280661719359,151.27412643943646
subcategory_12,2019-01-02,sktime_Prophet,38.6156805016891,-78.68334780433253,146.34568860697212
subcategory_12,2019-01-03,sktime_Prophet,27.979225954863544,-78.01407744763392,138.03016634010808
subcategory_12,2019-01-04,sktime_Prophet,35.54025161671667,-70.95560914566971,140.42692935466155
subcategory_12,2019-01-05,sktime_Prophet,54.97868526400979,-56.117330985900054,158.20179609583914
subcategory_12,2019-01-06,sktime_Prophet,48.85716845147936,-64.69687179771745,169.19905424360536
subcategory_12,2019-01-07,sktime_Prophet,46.78959430687703,-63.0408270635067,158.10804046022196
subcategory_12,2019-01-08,sktime_Prophet,39.91794671100654,-66.81376465856432,151.6036022787814
subcategory_12,2019-01-09,sktime_Prophet,29.44982337428726,-73.17072759681034,143.94507604787003
subcategory_12,2019-01-10,sktime_Prophet,18.971161903927566,-89.31702126776386,129.0588341519337
subcategory_12,2019-01-11,sktime_Prophet,26.73030514674165,-80.06697203024294,140.78562704820342
subcategory_12,2019-01-12,sktime_Prophet,46.41080143991315,-66.54752873788604,157.75091834101448
subcategory_12,2019-01-13,sktime_Prophet,40.578198867847526,-73.86918743734962,158.01122834484727
subcategory_12,2019-01-14,sktime_Prophet,38.84836934843275,-69.54025064010217,154.24809596287784
subcategory_12,2019-01-15,sktime_Prophet,32.36416095929806,-79.00075211262792,140.51023780156052
subcategory_12,2019-01-16,sktime_Prophet,22.332768307434915,-82.53890397310485,133.11121762782244
subcategory_12,2019-01-17,sktime_Prophet,12.338346287857277,-90.33130708858761,113.3369411971818
subcategory_12,2019-01-18,sktime_Prophet,20.626008517680553,-89.2759479393777,130.30202545186242
subcategory_12,2019-01-19,sktime_Prophet,40.87460965448502,-67.6669984082024,154.96830860277424
subcategory_12,2019-01-20,sktime_Prophet,35.64357272425321,-77.14843406664617,144.16892616125548
subcategory_12,2019-01-21,sktime_Prophet,34.54129767374832,-72.90461972571651,144.1657220052228
subcategory_12,2019-01-22,sktime_Prophet,28.701948285430113,-82.26214147697341,142.74268186891058
subcategory_12,2019-01-23,sktime_Prophet,19.323004340414393,-88.57962690414082,127.85737864084824
subcategory_12,2019-01-24,sktime_Prophet,9.978099882505298,-99.92341297864843,119.38162846621341
subcategory_12,2019-01-25,sktime_Prophet,18.901282923191086,-91.66460048623111,130.03172716023755
subcategory_12,2019-01-26,sktime_Prophet,39.76008856006989,-68.50240921589906,137.1618195707554
subcategory_12,2019-01-27,sktime_Prophet,35.10267831739703,-80.54578138022615,146.30549868991167
subcategory_12,2019-01-28,sktime_Prophet,34.52657276439092,-73.6932497642158,141.32420546491124
subcategory_12,2019-01-29,sktime_Prophet,29.155764822475323,-82.14209867350601,134.38724071389152
subcategory_13,2018-12-31,sktime_Prophet,160.59274313253496,-349.1861508241519,676.9901612521385
subcategory_13,2019-01-01,sktime_Prophet,151.09412598467182,-346.575676315017,660.2018066689042
subcategory_13,2019-01-02,sktime_Prophet,143.28877814991654,-370.01039640203896,633.351389877198
subcategory_13,2019-01-03,sktime_Prophet,46.3479683990698,-410.62382079912925,578.7764971027115
subcategory_13,2019-01-04,sktime_Prophet,88.58044162826937,-383.4689594855055,562.6653478655134
subcategory_13,2019-01-05,sktime_Prophet,125.95544428214765,-360.3686587072069,647.3987229781744
subcategory_13,2019-01-06,sktime_Prophet,100.24962458335048,-382.7384825079421,614.549065088174
subcategory_13,2019-01-07,sktime_Prophet,108.79790356861061,-389.49863334370775,607.5693466862863
subcategory_13,2019-01-08,sktime_Prophet,99.40413067748645,-461.5193297086573,613.8354279292965
subcategory_13,2019-01-09,sktime_Prophet,92.57871391095733,-415.56375813165306,596.9367685018624
subcategory_13,2019-01-10,sktime_Prophet,-2.5137034279512704,-508.01295521641026,528.2526167204817
subcategory_13,2019-01-11,sktime_Prophet,42.40664159043172,-458.7488329869226,525.2955882907531
subcategory_13,2019-01-12,sktime_Prophet,83.2583259355164,-396.9343332014724,631.2457399953037
subcategory_13,2019-01-13,sktime_Prophet,61.74690272767717,-433.7960777452231,586.0422983154641
subcategory_13,2019-01-14,sktime_Prophet,75.11759475835622,-414.10374608704626,611.1440707724072
subcategory_13,2019-01-15,sktime_Prophet,71.06828497790596,-496.9101427284456,543.568769914215
subcategory_13,2019-01-16,sktime_Prophet,69.98993115943495,-443.8012428272761,608.4752444709515
subcategory_13,2019-01-17,sktime_Prophet,-19.082598931965748,-505.9932571331715,528.2173023670775
subcategory_13,2019-01-18,sktime_Prophet,31.993802667501853,-461.42225851625574,539.9089356701957
subcategory_13,2019-01-19,sktime_Prophet,78.99781703270524,-430.2654001209918,585.4074125291835
subcategory_13,2019-01-20,sktime_Prophet,63.49559105614364,-469.86007036372223,542.9534220230302
subcategory_13,2019-01-21,sktime_Prophet,82.59715028619448,-465.18433847831443,571.8760477309463
subcategory_13,2019-01-22,sktime_Prophet,83.87299416226081,-419.6849375792867,585.9421206733194
subcategory_13,2019-01-23,sktime_Prophet,87.59790060031229,-394.28492441355013,569.2865920293157
subcategory_13,2019-01-24,sktime_Prophet,2.7048418814970603,-508.453647733617,486.7327486148387
subcategory_13,2019-01-25,sktime_Prophet,57.2520005919402,-481.9644986866621,534.5055514953846
subcategory_13,2019-01-26,sktime_Prophet,106.95231854598667,-395.2865712299077,633.2226669044613
subcategory_13,2019-01-27,sktime_Prophet,93.32707424370224,-459.93804139476305,603.2789231012976
subcategory_13,2019-01-28,sktime_Prophet,113.46340262015059,-411.35731749586995,615.2550469319497
subcategory_13,2019-01-29,sktime_Prophet,114.93138909581691,-394.8047360589635,641.3477910785705
subcategory_14,2018-12-31,sktime_Prophet,154.64873404367745,-202.3157355631465,476.8617425392104
subcategory_14,2019-01-01,sktime_Prophet,132.04315855182975,-196.70488224765515,476.74546890735314
subcategory_14,2019-01-02,sktime_Prophet,97.16803057222752,-244.1081959871938,450.25151114204317
subcategory_14,2019-01-03,sktime_Prophet,52.24264549958114,-282.0598467512751,414.1164424200504
subcategory_14,2019-01-04,sktime_Prophet,75.78615044617291,-280.590579491062,401.40062048000135
subcategory_14,2019-01-05,sktime_Prophet,92.65121473715013,-253.41830531608846,429.5784196727638
subcategory_14,2019-01-06,sktime_Prophet,110.07842393796948,-211.2776867506038,477.53472173444413
subcategory_14,2019-01-07,sktime_Prophet,99.63996666144105,-246.62759213296823,458.59673197324713
subcategory_14,2019-01-08,sktime_Prophet,76.68845683236445,-280.17782667617956,414.8081237153257
subcategory_14,2019-01-09,sktime_Prophet,42.46796713128278,-305.44285160928996,389.18328524273346
subcategory_14,2019-01-10,sktime_Prophet,-0.8187033983156766,-332.3448681910562,335.46986259614295
subcategory_14,2019-01-11,sktime_Prophet,25.307143173265388,-285.758317537345,330.9851640809853
subcategory_14,2019-01-12,sktime_Prophet,45.634803972251426,-293.166030068829,393.90145197566875
subcategory_14,2019-01-13,sktime_Prophet,67.32019539119474,-268.06602408756675,413.10047398434597
subcategory_14,2019-01-14,sktime_Prophet,61.83171992442068,-280.7453796800534,420.7447174756036
subcategory_14,2019-01-15,sktime_Prophet,44.40176528106901,-314.43101668104293,416.7136102917583
subcategory_14,2019-01-16,sktime_Prophet,16.140840929628368,-310.16833339664146,364.3145229956675
subcategory_14,2019-01-17,sktime_Prophet,-20.89170700769644,-368.1862965525652,317.61573656259776
subcategory_14,2019-01-18,sktime_Prophet,11.633176885414983,-352.6152381343098,354.68731821177863
subcategory_14,2019-01-19,sktime_Prophet,38.3528124084706,-317.5977089571207,369.9467482367434
subcategory_14,2019-01-20,sktime_Prophet,66.27271093302764,-300.13620531832015,404.95706227964826
subcategory_14,2019-01-21,sktime_Prophet,66.71629799983761,-254.88346826598104,414.8401149268732
subcategory_14,2019-01-22,sktime_Prophet,54.78011457724592,-292.3194111884891,389.91736450489435
subcategory_14,2019-01-23,sktime_Prophet,31.45140409760161,-307.4832798583522,374.41754880521216
subcategory_14,2019-01-24,sktime_Prophet,-1.3180649738795296,-361.8521913727539,342.8507050875607
subcategory_14,2019-01-25,sktime_Prophet,34.71155654699534,-300.89544280485364,380.9195623857746
subcategory_14,2019-01-26,sktime_Prophet,64.10894182260026,-278.373683388694,414.12561402362127
subcategory_14,2019-01-27,sktime_Prophet,93.8331516877182,-246.19725800795428,440.9934028611661
subcategory_14,2019-01-28,sktime_Prophet,95.18440028005813,-227.34754183943795,447.2291557898853
subcategory_14,2019-01-29,sktime_Prophet,83.25968015133695,-248.6165611269501,415.64837121219153
subcategory_15,2018-12-31,sktime_Prophet,13.092377022087756,-81.74950950776866,106.25012166191078
subcategory_15,2019-01-01,sktime_Prophet,8.781358832380638,-74.54071325272169,102.0870762259559
subcategory_15,2019-01-02,sktime_Prophet,11.755120608161157,-80.38179913023825,102.27401063848724
subcategory_15,2019-01-03,sktime_Prophet,2.833593505997724,-83.79436224684214,100.68428971549983
subcategory_15,2019-01-04,sktime_Prophet,7.458685507608412,-83.92885150089428,97.30012927020105
subcategory_15,2019-01-05,sktime_Prophet,17.166360816241532,-67.59404910114813,103.87643432315923
subcategory_15,2019-01-06,sktime_Prophet,6.318065945482543,-78.22246567151088,93.9969848393074
subcategory_15,2019-01-07,sktime_Prophet,8.576784551860626,-80.12776648941703,93.04993500501007
subcategory_15,2019-01-08,sktime_Prophet,4.638349531029033,-78.35055928114825,92.95076109264437
subcategory_15,2019-01-09,sktime_Prophet,8.028836823517079,-87.8615966108375,97.3020831013409
subcategory_15,2019-01-10,sktime_Prophet,-0.4457620288857296,-88.68269472221786,85.89321198990348
subcategory_15,2019-01-11,sktime_Prophet,4.642641659788651,-93.07409821125427,94.28934190210268
subcategory_15,2019-01-12,sktime_Prophet,14.81670513786218,-73.02234943421712,100.34641672855601
subcategory_15,2019-01-13,sktime_Prophet,4.425443131794269,-85.34616290327169,93.53006656145763
subcategory_15,2019-01-14,sktime_Prophet,7.120606328222207,-81.08112192148002,100.91960438539685
subcategory_15,2019-01-15,sktime_Prophet,3.5882692867306476,-85.6420170912332,93.33887239850228
subcategory_15,2019-01-16,sktime_Prophet,7.346445136793351,-82.49107360472509,98.50076433929354
subcategory_15,2019-01-17,sktime_Prophet,-0.8050812334690267,-86.84596068102852,84.1803353410092
subcategory_15,2019-01-18,sktime_Prophet,4.557525302190758,-80.73078479431527,97.3854712723375
subcategory_15,2019-01-19,sktime_Prophet,14.954653307319187,-73.82508001887224,110.29200430867056
subcategory_15,2019-01-20,sktime_Prophet,4.735000867965906,-82.98011667396575,94.2019362906804
subcategory_15,2019-01-21,sktime_Prophet,7.551859141122571,-81.49951084628269,92.78944898614796
subcategory_15,2019-01-22,sktime_Prophet,4.094547609252524,-84.57157044982966,102.416863139034
subcategory_15,2019-01-23,sktime_Prophet,7.885824495228892,-82.15553220274941,95.97060633418425
subcategory_15,2019-01-24,sktime_Prophet,-0.2685283352104797,-87.21341006783109,86.07699568544261
subcategory_15,2019-01-25,sktime_Prophet,5.06228971114732,-84.8165248582775,95.01383138418016
subcategory_15,2019-01-26,sktime_Prophet,15.40629253822225,-69.93912800225961,105.56837508520032
subcategory_15,2019-01-27,sktime_Prophet,5.1201401807551745,-81.51273594407645,97.36498396178919
subcategory_15,2019-01-28,sktime_Prophet,7.865095360309919,-74.94150893262797,96.57449048724438
subcategory_15,2019-01-29,sktime_Prophet,4.3381389577082325,-82.26720181824142,95.77827462127671
subcategory_16,2018-12-31,sktime_Prophet,88.31273696437025,-285.82479175533115,451.2365888553912
subcategory_16,2019-01-01,sktime_Prophet,96.38667221445061,-281.6517348710897,447.9354781190505
subcategory_16,2019-01-02,sktime_Prophet,86.22159508532133,-297.48382409232084,453.90483069677646
subcategory_16,2019-01-03,sktime_Prophet,22.936084561930073,-380.75741721155384,407.7689796842225
subcategory_16,2019-01-04,sktime_Prophet,39.10190820903546,-343.0243607861787,426.9778543077187
subcategory_16,2019-01-05,sktime_Prophet,90.13817250312181,-295.49552791154235,440.62419672917116
subcategory_16,2019-01-06,sktime_Prophet,91.36429968689718,-277.50428022768506,440.2159693168817
subcategory_16,2019-01-07,sktime_Prophet,89.24998503630896,-273.1890147619372,478.7314041058528
subcategory_16,2019-01-08,sktime_Prophet,97.98733898195363,-304.59526057839577,502.8290533088971
subcategory_16,2019-01-09,sktime_Prophet,88.24317449617102,-265.7702323735386,489.1336375217358
subcategory_16,2019-01-10,sktime_Prophet,25.12535790657013,-354.22281059204533,375.47470979966016
subcategory_16,2019-01-11,sktime_Prophet,41.2023935612751,-308.28779513625847,421.8430988202222
subcategory_16,2019-01-12,sktime_Prophet,91.89761266018651,-270.9660423718195,473.3802957469724
subcategory_16,2019-01-13,sktime_Prophet,92.54199323352924,-282.3694740797486,462.62526006318143
subcategory_16,2019-01-14,sktime_Prophet,89.62377111596412,-274.9731202738128,455.60452610092074
subcategory_16,2019-01-15,sktime_Prophet,97.36005705769031,-266.4550879772765,459.44355893971414
subcategory_16,2019-01-16,sktime_Prophet,86.44843550256591,-272.6579733620754,465.36813242131126
subcategory_16,2019-01-17,sktime_Prophet,22.032482310666637,-353.44536646825003,412.0891013383852
subcategory_16,2019-01-18,sktime_Prophet,36.720394439039985,-329.3564387159971,384.58823503735067
subcategory_16,2019-01-19,sktime_Prophet,85.97812734205179,-315.96252858852955,469.8002480650307
subcategory_16,2019-01-20,sktime_Prophet,85.18109471615753,-287.91715502458976,446.0465681272312
subcategory_16,2019-01-21,sktime_Prophet,80.86261954084807,-288.01087236898013,424.19879708128826
subcategory_16,2019-01-22,sktime_Prophet,87.28438137347267,-300.94128550267914,470.3945191307021
subcategory_16,2019-01-23,sktime_Prophet,75.18686519316574,-297.7820618543336,436.69465285447376
subcategory_16,2019-01-24,sktime_Prophet,9.753778025278677,-369.1119111332282,391.2078165460348
subcategory_16,2019-01-25,sktime_Prophet,23.629653776876594,-335.43974267410965,393.9625330919303
subcategory_16,2019-01-26,sktime_Prophet,72.31206724440788,-316.38942054420374,474.44104965033006
subcategory_16,2019-01-27,sktime_Prophet,71.20253428273742,-304.6197222641036,433.8482145644289
subcategory_16,2019-01-28,sktime_Prophet,66.854306072252,-303.94958243187006,424.182672518536
subcategory_16,2019-01-29,sktime_Prophet,73.54231761232451,-314.5707149321321,487.86679279486043
subcategory_2,2018-12-31,sktime_Prophet,17.039304909713614,-30.05927819573074,63.231787092973974
subcategory_2,2019-01-01,sktime_Prophet,21.081841211177558,-23.120461820887368,67.14491859970242
subcategory_2,2019-01-02,sktime_Prophet,13.9793909279591,-30.840664224610624,62.916767213543466
subcategory_2,2019-01-03,sktime_Prophet,6.515552604374234,-40.86730319970942,49.30472816124075
subcategory_2,2019-01-04,sktime_Prophet,11.153778651331328,-36.012839117576306,54.91332500330733
subcategory_2,2019-01-05,sktime_Prophet,16.653436162212017,-30.75798520462425,60.57405342800349
subcategory_2,2019-01-06,sktime_Prophet,11.967968741363993,-34.44827943691547,55.6167840681749
subcategory_2,2019-01-07,sktime_Prophet,14.593903428258413,-31.71234689985114,61.14170064461278
subcategory_2,2019-01-08,sktime_Prophet,18.727440563440524,-25.916022727208517,64.55687592456769
subcategory_2,2019-01-09,sktime_Prophet,11.733202846266282,-33.19738331707229,57.97779907716271
subcategory_2,2019-01-10,sktime_Prophet,4.389840646153036,-41.81015730521514,47.34631027788216
subcategory_2,2019-01-11,sktime_Prophet,9.155834096222343,-33.53820654305063,52.56290799450029
subcategory_2,2019-01-12,sktime_Prophet,14.785711697746684,-30.215525791894876,60.099631507319145
subcategory_2,2019-01-13,sktime_Prophet,10.228361064707132,-37.83350254808398,55.71532882965963
subcategory_2,2019-01-14,sktime_Prophet,12.976171715745838,-35.040036955429535,58.22454844517361
subcategory_2,2019-01-15,sktime_Prophet,17.221744048950693,-26.74821163076221,60.39725285293683
subcategory_2,2019-01-16,sktime_Prophet,10.326737601866977,-31.82459527756137,54.71188950539496
subcategory_2,2019-01-17,sktime_Prophet,3.0675531551552666,-41.395645767756356,46.55879853590139
subcategory_2,2019-01-18,sktime_Prophet,7.901187411473982,-35.72380615499454,52.47857420299553
subcategory_2,2019-01-19,sktime_Prophet,13.581478924326342,-30.061293695290583,58.52944281065856
subcategory_2,2019-01-20,sktime_Prophet,9.05742061657612,-36.49989333472269,57.1007145736886
subcategory_2,2019-01-21,sktime_Prophet,11.82227926224802,-35.109846502698474,59.14981818978147
subcategory_2,2019-01-22,sktime_Prophet,16.070257265218956,-30.288090526701176,60.07891328139608
subcategory_2,2019-01-23,sktime_Prophet,9.165271717244572,-33.90377840209995,59.57751209706212
subcategory_2,2019-01-24,sktime_Prophet,1.8865477909361967,-44.49450796028062,48.33609192437189
subcategory_2,2019-01-25,sktime_Prophet,6.694368227815945,-37.40998415150525,55.55479681711231
subcategory_2,2019-01-26,sktime_Prophet,12.3462010599579,-34.62195420435858,56.16139805064682
subcategory_2,2019-01-27,sktime_Prophet,7.794884693572075,-41.378842041082706,55.14847095580947
subcategory_2,2019-01-28,sktime_Prophet,10.537614725173682,-33.87738557618356,55.38107244926097
subcategory_2,2019-01-29,sktime_Prophet,14.77247190835123,-30.451466477157943,59.646691360813726
subcategory_3,2018-12-31,sktime_Prophet,112.41514495574462,-249.52273095715864,454.75963911563105
subcategory_3,2019-01-01,sktime_Prophet,111.18034376384283,-228.5774143905185,435.1895147039947
subcategory_3,2019-01-02,sktime_Prophet,94.75701145092401,-265.2194860792105,420.0070482613277
subcategory_3,2019-01-03,sktime_Prophet,56.440057139312394,-260.85626787620765,368.6989780569727
subcategory_3,2019-01-04,sktime_Prophet,104.08506947288635,-238.24339470546403,424.1408335983368
subcategory_3,2019-01-05,sktime_Prophet,104.86705315168456,-237.99947632349554,412.46699775364124
subcategory_3,2019-01-06,sktime_Prophet,114.6454570936036,-204.7419760873763,429.6690536496732
subcategory_3,2019-01-07,sktime_Prophet,106.724016749895,-208.64952432250323,443.6333546084732
subcategory_3,2019-01-08,sktime_Prophet,105.86171504521604,-229.23070238777433,441.06994059028574
subcategory_3,2019-01-09,sktime_Prophet,89.87523740522607,-248.27371112038628,414.7838381069302
subcategory_3,2019-01-10,sktime_Prophet,52.05344054220223,-290.0380539283947,378.7348450343035
subcategory_3,2019-01-11,sktime_Prophet,100.24202546507235,-238.35523302102095,420.48654236127453
subcategory_3,2019-01-12,sktime_Prophet,101.60260650401572,-236.97510776888763,445.44028857850157
subcategory_3,2019-01-13,sktime_Prophet,111.9782111138288,-217.14140309361312,427.24879733424274
subcategory_3,2019-01-14,sktime_Prophet,104.65371754015773,-210.84887935400153,434.22215215305107
subcategory_3,2019-01-15,sktime_Prophet,104.3675151157139,-246.89574359935443,465.578147741248
subcategory_3,2019-01-16,sktime_Prophet,88.91473928663798,-261.45940119928537,403.5273036346555
subcategory_3,2019-01-17,sktime_Prophet,51.56257476554526,-271.32592121823603,374.69907136931863
subcategory_3,2019-01-18,sktime_Prophet,100.13578890953094,-227.1391812574073,443.33205830825875
subcategory_3,2019-01-19,sktime_Prophet,101.77665756960805,-247.73537741484992,428.6940716197664
subcategory_3,2019-01-20,sktime_Prophet,112.31128839549177,-228.44782320570388,429.01653126567226
subcategory_3,2019-01-21,sktime_Prophet,105.01081963416772,-232.01062793448833,419.314576059704
subcategory_3,2019-01-22,sktime_Prophet,104.60375182178393,-229.72156929934448,443.663928547455
subcategory_3,2019-01-23,sktime_Prophet,88.87973969176323,-246.7282306184008,419.06839726148127
subcategory_3,2019-01-24,sktime_Prophet,51.10531633054411,-302.4042375320319,402.5849369818376
subcategory_3,2019-01-25,sktime_Prophet,99.10969445922353,-246.26376208684604,450.0334976499222
subcategory_3,2019-01-26,sktime_Prophet,100.04479462271193,-232.27420855862442,427.6051689007944
subcategory_3,2019-01-27,sktime_Prophet,109.75149801142848,-225.7427022482656,435.9795696197471
subcategory_3,2019-01-28,sktime_Prophet,101.52060021035685,-228.0349296684621,441.46356277114984
subcategory_3,2019-01-29,sktime_Prophet,100.10472717487576,-231.25550036504808,440.56028354294403
subcategory_4,2018-12-31,sktime_Prophet,44.14127425783538,-187.96606075624695,280.6723650682354
subcategory_4,2019-01-01,sktime_Prophet,52.90846619893976,-195.7168366079626,277.6856138469994
subcategory_4,2019-01-02,sktime_Prophet,55.16763142281523,-188.41286922276498,293.1112066152922
subcategory_4,2019-01-03,sktime_Prophet,15.05428889963483,-220.52170884515485,260.76645301316375
subcategory_4,2019-01-04,sktime_Prophet,28.885835235220643,-195.49697287874733,268.76710769639675
subcategory_4,2019-01-05,sktime_Prophet,64.98378381104871,-165.82815750035942,306.71270998678705
subcategory_4,2019-01-06,sktime_Prophet,51.83180031485979,-174.845289544441,274.94255544356287
subcategory_4,2019-01-07,sktime_Prophet,36.76802296892336,-184.765930138212,256.909578882553
subcategory_4,2019-01-08,sktime_Prophet,45.19403871790898,-178.76588472865757,274.0002180310382
subcategory_4,2019-01-09,sktime_Prophet,47.20315504818811,-186.41204850113746,280.1755286361954
subcategory_4,2019-01-10,sktime_Prophet,6.941921287475367,-220.34238937923436,244.4687386627661
subcategory_4,2019-01-11,sktime_Prophet,20.735627646478974,-208.05620136800707,241.90850288239426
subcategory_4,2019-01-12,sktime_Prophet,56.91036889621759,-155.768552575414,279.5398334433277
subcategory_4,2019-01-13,sktime_Prophet,43.95100109832123,-176.7059518104133,276.1299176490333
subcategory_4,2019-01-14,sktime_Prophet,29.19348006943557,-205.0397326122872,246.30358555435825
subcategory_4,2019-01-15,sktime_Prophet,38.03395050143086,-192.13121137264702,258.91349122318275
subcategory_4,2019-01-16,sktime_Prophet,40.55722045962563,-173.95437066285564,264.9703910799117
subcategory_4,2019-01-17,sktime_Prophet,0.8985677390324156,-234.6718574592552,239.93815024650175
subcategory_4,2019-01-18,sktime_Prophet,15.369596796820883,-203.19521000715187,250.39321697941426
subcategory_4,2019-01-19,sktime_Prophet,52.280721739849355,-194.3159595660288,266.6719380196657
subcategory_4,2019-01-20,sktime_Prophet,40.099590861447965,-196.1411462650304,275.37516476565145
subcategory_4,2019-01-21,sktime_Prophet,26.14392735925718,-195.21290204591784,258.8699344866024
subcategory_4,2019-01-22,sktime_Prophet,35.791140403794685,-196.58267282812486,267.466692938029
subcategory_4,2019-01-23,sktime_Prophet,39.10732625417075,-188.09382230858597,264.57663811708875
subcategory_4,2019-01-24,sktime_Prophet,0.20959103289879977,-222.5511417309122,237.9596384965021
subcategory_4,2019-01-25,sktime_Prophet,15.392399586016442,-198.50907853698484,231.626947914943
subcategory_4,2019-01-26,sktime_Prophet,52.950512590223596,-178.88052576427583,256.3273958701893
subcategory_4,2019-01-27,sktime_Prophet,41.337815419757476,-181.5807663668798,288.44309249268076
subcategory_4,2019-01-28,sktime_Prophet,27.860503072118263,-197.25151657305213,255.84981180075636
subcategory_4,2019-01-29,sktime_Prophet,37.886966910952054,-185.08774737396735,256.0593217145602
subcategory_5,2018-12-31,sktime_Prophet,146.19741332806873,-405.5901903581533,643.0521958219504
subcategory_5,2019-01-01,sktime_Prophet,185.62147536249353,-332.42620678830417,727.2730783034858
subcategory_5,2019-01-02,sktime_Prophet,72.04101907268215,-464.1483678089842,613.2719847173229
subcategory_5,2019-01-03,sktime_Prophet,21.22056308615562,-484.6199518834337,533.5391461068057
subcategory_5,2019-01-04,sktime_Prophet,62.43237972856352,-468.7438391277901,556.9999204481388
subcategory_5,2019-01-05,sktime_Prophet,133.50990358570132,-413.0419213909148,657.7399450209836
subcategory_5,2019-01-06,sktime_Prophet,94.23431001159612,-436.71072292118623,607.4413833792719
subcategory_5,2019-01-07,sktime_Prophet,88.30772639298078,-426.97907315258414,572.3294171199017
subcategory_5,2019-01-08,sktime_Prophet,133.41401442220484,-446.43696472299973,642.5484676891872
subcategory_5,2019-01-09,sktime_Prophet,26.027824583016397,-484.7225249132781,535.6505937497542
subcategory_5,2019-01-10,sktime_Prophet,-18.220285416804188,-502.87093105266905,508.5895414079186
subcategory_5,2019-01-11,sktime_Prophet,29.803247377655765,-504.4847556051916,532.7280323364073
subcategory_5,2019-01-12,sktime_Prophet,107.79173202932215,-399.6663113527775,623.0586789016885
subcategory_5,2019-01-13,sktime_Prophet,75.38809051751291,-487.79260895666795,599.4680529542869
subcategory_5,2019-01-14,sktime_Prophet,76.16123233910649,-466.0942585720455,602.0548090690683
subcategory_5,2019-01-15,sktime_Prophet,127.66979919041077,-408.33228355826566,648.5808242731879
subcategory_5,2019-01-16,sktime_Prophet,26.273911856415566,-485.0962924395934,543.5444703258174
subcategory_5,2019-01-17,sktime_Prophet,-12.497349503129584,-517.0370204524183,474.53740045479697
subcategory_5,2019-01-18,sktime_Prophet,40.40313337325189,-476.753859348059,599.2920258111379
subcategory_5,2019-01-19,sktime_Prophet,122.59881768745271,-409.8500408315596,674.280785351163
subcategory_5,2019-01-20,sktime_Prophet,93.68047789947242,-443.17001128524214,567.9087733037885
subcategory_5,2019-01-21,sktime_Prophet,97.18322787175316,-408.10180181700565,592.3761314419417
subcategory_5,2019-01-22,sktime_Prophet,150.65044602558172,-343.1314260402246,669.9511550543667
subcategory_5,2019-01-23,sktime_Prophet,50.44524465498502,-425.40161104367553,587.2878200990999
subcategory_5,2019-01-24,sktime_Prophet,12.117235222957504,-515.3014758087622,489.96788602190077
subcategory_5,2019-01-25,sktime_Prophet,64.75048605078796,-485.88554056213627,598.9807306429126
subcategory_5,2019-01-26,sktime_Prophet,146.0203370742336,-391.2285268291064,660.0380582057902
subcategory_5,2019-01-27,sktime_Prophet,115.5825763044586,-397.68455906248005,646.8596357982929
subcategory_5,2019-01-28,sktime_Prophet,117.04840034632731,-353.5578496264376,636.6175725262557
subcategory_5,2019-01-29,sktime_Prophet,168.04607920399286,-388.52310012805106,688.5218963910761
subcategory_6,2018-12-31,sktime_Prophet,22.10288226809199,-307.4852838113479,370.9374050419522
subcategory_6,2019-01-01,sktime_Prophet,12.999356742153648,-316.9474862473454,389.08838943281194
subcategory_6,2019-01-02,sktime_Prophet,-1.6932028025669617,-336.76624437006825,334.6121129869868
subcategory_6,2019-01-03,sktime_Prophet,-15.49324967014141,-364.6334246832427,312.13309341082925
subcategory_6,2019-01-04,sktime_Prophet,2.650784002510502,-333.3045235990235,339.0624096281068
subcategory_6,2019-01-05,sktime_Prophet,26.476213535238042,-318.16984362204266,385.15644983643455
subcategory_6,2019-01-06,sktime_Prophet,0.3599397818498282,-322.036126628199,337.1073200029716
subcategory_6,2019-01-07,sktime_Prophet,12.128771161461245,-334.9715351965129,335.37968884328404
subcategory_6,2019-01-08,sktime_Prophet,5.920049275131756,-294.32788865909663,348.51712517228384
subcategory_6,2019-01-09,sktime_Prophet,-6.054617136099068,-332.66110752633085,331.3668003259801
subcategory_6,2019-01-10,sktime_Prophet,-17.36259577256813,-335.59007011493924,336.33394657917484
subcategory_6,2019-01-11,sktime_Prophet,3.0050710840436814,-351.80718630676296,339.096890481124
subcategory_6,2019-01-12,sktime_Prophet,28.750217132570388,-323.200167734417,403.3119652537865
subcategory_6,2019-01-13,sktime_Prophet,4.222046788294744,-324.8808262083821,332.5644766730746
subcategory_6,2019-01-14,sktime_Prophet,17.22793317071487,-314.73361526048586,354.9972044747695
subcategory_6,2019-01-15,sktime_Prophet,11.894330025466992,-299.279672717676,362.0098850614169
subcategory_6,2019-01-16,sktime_Prophet,0.43059769728555963,-346.17128589586054,322.75523905850974
subcategory_6,2019-01-17,sktime_Prophet,-10.724342970175663,-348.1968367351291,323.2948432249027
subcategory_6,2019-01-18,sktime_Prophet,9.45299830480419,-342.45143864757074,355.04984430052826
subcategory_6,2019-01-19,sktime_Prophet,34.68675686426202,-283.3717519989633,374.92877213751854
subcategory_6,2019-01-20,sktime_Prophet,9.355563317764776,-312.9915913525837,346.8911546501556
subcategory_6,2019-01-21,sktime_Prophet,21.30254357528043,-335.5059333523707,340.2192552148422
subcategory_6,2019-01-22,sktime_Prophet,14.695298900187627,-343.5703692091416,350.80162647316604
subcategory_6,2019-01-23,sktime_Prophet,1.7886884979508082,-341.72056222672416,328.74528338039215
subcategory_6,2019-01-24,sktime_Prophet,-10.929646725638019,-365.41999943861157,326.6463186951567
subcategory_6,2019-01-25,sktime_Prophet,7.614534417844858,-343.2016792485342,341.59704743586855
subcategory_6,2019-01-26,sktime_Prophet,31.19692615771662,-311.4867652005325,366.6003718256873
subcategory_6,2019-01-27,sktime_Prophet,4.247298841319022,-318.0268414509769,362.60065901520426
subcategory_6,2019-01-28,sktime_Prophet,14.658295689166316,-297.44416975060795,338.0632375330612
subcategory_6,2019-01-29,sktime_Prophet,6.6442607850999345,-313.13491718760656,330.4585437679471
subcategory_7,2018-12-31,sktime_Prophet,5.158056060998899,-21.05892938959111,31.643864072560667
subcategory_7,2019-01-01,sktime_Prophet,3.1210467557226345,-23.214373428757725,32.000332059380796
subcategory_7,2019-01-02,sktime_Prophet,5.271934986180875,-22.373904172474564,31.315855815604145
subcategory_7,2019-01-03,sktime_Prophet,1.9059572016909327,-25.608344388685953,29.68009848550181
subcategory_7,2019-01-04,sktime_Prophet,3.4668470821503066,-23.272254282385287,29.816911816134052
subcategory_7,2019-01-05,sktime_Prophet,4.894801144916384,-23.113000743636782,31.60628554227672
subcategory_7,2019-01-06,sktime_Prophet,5.361303447627249,-20.506526726489138,31.320420454973377
subcategory_7,2019-01-07,sktime_Prophet,5.820651706508452,-19.75976339356849,33.675731931454095
subcategory_7,2019-01-08,sktime_Prophet,3.8329547084346722,-22.543245492342738,31.582530690676972
subcategory_7,2019-01-09,sktime_Prophet,6.008607276266984,-19.20550515381401,31.38993109947743
subcategory_7,2019-01-10,sktime_Prophet,2.642150214965973,-22.913841672276813,29.59979096361252
subcategory_7,2019-01-11,sktime_Prophet,4.17706386645408,-23.025045106242818,31.3327585418859
subcategory_7,2019-01-12,sktime_Prophet,5.553762813969054,-20.729025574197717,32.591557223893204
subcategory_7,2019-01-13,sktime_Prophet,5.944441509893983,-23.259095295213992,33.396255930651726
subcategory_7,2019-01-14,sktime_Prophet,6.304611926421881,-20.034528027168758,32.88098333302797
subcategory_7,2019-01-15,sktime_Prophet,4.196102070552211,-20.70962910883823,32.73664350603942
subcategory_7,2019-01-16,sktime_Prophet,6.2315208132568,-20.69743909440352,32.92938669550744
subcategory_7,2019-01-17,sktime_Prophet,2.7080959187756917,-23.242420600874045,29.932953381338418
subcategory_7,2019-01-18,sktime_Prophet,4.072433660301564,-23.277367230358653,30.6801749931846
subcategory_7,2019-01-19,sktime_Prophet,5.268467646292195,-23.404576383067727,34.059712047001305
subcategory_7,2019-01-20,sktime_Prophet,5.472247055441445,-22.70054701104006,30.743614781053864
subcategory_7,2019-01-21,sktime_Prophet,5.643406150231138,-23.825022955604133,33.22075022804571
subcategory_7,2019-01-22,sktime_Prophet,3.3480850215152196,-23.371589538791994,30.97357917487631
subcategory_7,2019-01-23,sktime_Prophet,5.203308451645701,-21.12244814705794,33.35591419167607
subcategory_7,2019-01-24,sktime_Prophet,1.5107315179004344,-25.342676682645383,29.5774995278222
subcategory_7,2019-01-25,sktime_Prophet,2.721302321642099,-23.690056137736914,31.145818882560718
subcategory_7,2019-01-26,sktime_Prophet,3.7831116832943774,-23.695884259285748,29.82578627366044
subcategory_7,2019-01-27,sktime_Prophet,3.876082380234541,-23.606001661232774,31.234865188917944
subcategory_7,2019-01-28,sktime_Prophet,3.9633422781321297,-23.295912050622583,27.515652181553175
subcategory_7,2019-01-29,sktime_Prophet,1.6140538256325576,-24.90462252438457,25.969324017233927
subcategory_8,2018-12-31,sktime_Prophet,1.0452074576273536,-4.612855202942654,6.459188089606736
subcategory_8,2019-01-01,sktime_Prophet,0.7173779603810135,-4.671424584283616,6.36417832252198
subcategory_8,2019-01-02,sktime_Prophet,0.8118734600716828,-4.504046003764795,6.3195041263188365
subcategory_8,2019-01-03,sktime_Prophet,0.051985456281237186,-5.557224979659659,5.44449181700726
subcategory_8,2019-01-04,sktime_Prophet,0.6606271354499267,-4.937331847118607,5.989848838467675
subcategory_8,2019-01-05,sktime_Prophet,0.7060496311341485,-4.686155892623657,5.962090193098427
subcategory_8,2019-01-06,sktime_Prophet,0.6155386243714799,-4.753130560847348,6.10081689802791
subcategory_8,2019-01-07,sktime_Prophet,0.8304570396754942,-4.883510391401525,5.973505248358382
subcategory_8,2019-01-08,sktime_Prophet,0.5499212903150913,-4.794242836564771,6.234026847446396
subcategory_8,2019-01-09,sktime_Prophet,0.6933558067109428,-4.603393041395205,5.580689969497516
subcategory_8,2019-01-10,sktime_Prophet,-0.01702993405093367,-5.728425707837708,5.706114725432839
subcategory_8,2019-01-11,sktime_Prophet,0.6405920602219521,-4.776508563732233,6.355515696505513
subcategory_8,2019-01-12,sktime_Prophet,0.7334125383124452,-4.729600851597329,6.25397222290232
subcategory_8,2019-01-13,sktime_Prophet,0.6877088531968395,-4.758894272480868,6.309136502707356
subcategory_8,2019-01-14,sktime_Prophet,0.9439134249501385,-4.814651039041267,6.375876882584051
subcategory_8,2019-01-15,sktime_Prophet,0.7003135668794693,-4.896338322435076,6.486341030348152
subcategory_8,2019-01-16,sktime_Prophet,0.8756267632484952,-4.2367201111498725,6.657610832235791
subcategory_8,2019-01-17,sktime_Prophet,0.19149505002423195,-4.704777974324816,5.623217253063436
subcategory_8,2019-01-18,sktime_Prophet,0.8693319645979196,-4.63511685084293,6.400885288949906
subcategory_8,2019-01-19,sktime_Prophet,0.9760760350449779,-4.387581738159276,6.234411636321882
subcategory_8,2019-01-20,sktime_Prophet,0.9379193970398418,-4.769919763575615,6.644591227358881
subcategory_8,2019-01-21,sktime_Prophet,1.1953764283457247,-4.423700680841865,6.505440279342324
subcategory_8,2019-01-22,sktime_Prophet,0.9469791584494409,-4.85945519423507,6.400426093387216
subcategory_8,2019-01-23,sktime_Prophet,1.1118436804061322,-4.038090271872013,6.439458266695769
subcategory_8,2019-01-24,sktime_Prophet,0.4121514797673773,-5.141533072959695,5.386821773272756
subcategory_8,2019-01-25,sktime_Prophet,1.069979527538369,-4.818122569668087,6.327082653078187
subcategory_8,2019-01-26,sktime_Prophet,1.1530335953401376,-4.398067489233261,6.6395155877504415
subcategory_8,2019-01-27,sktime_Prophet,1.088353961288236,-4.138575824666975,6.711443051534855
subcategory_8,2019-01-28,sktime_Prophet,1.317359053070421,-3.9622895581508253,6.693206309959407
subcategory_8,2019-01-29,sktime_Prophet,1.0395145000190826,-4.392352418664535,6.170940110307654
subcategory_9,2018-12-31,sktime_Prophet,41.25878233639353,-86.35707737450191,192.25941779733012
subcategory_9,2019-01-01,sktime_Prophet,49.59849714098507,-100.27132673122917,196.21222832618
subcategory_9,2019-01-02,sktime_Prophet,25.388822878631252,-104.85866130731128,166.30585992342597
subcategory_9,2019-01-03,sktime_Prophet,18.30243669928876,-110.17752446759862,157.71480860431532
subcategory_9,2019-01-04,sktime_Prophet,25.868230591742524,-121.70583699104029,165.55372334560423
subcategory_9,2019-01-05,sktime_Prophet,33.851265817933495,-122.70011936242663,173.75932328757483
subcategory_9,2019-01-06,sktime_Prophet,29.86270731763438,-100.36383556667222,178.82824887016912
subcategory_9,2019-01-07,sktime_Prophet,30.870332498297905,-114.75634501515326,172.52361285182786
subcategory_9,2019-01-08,sktime_Prophet,40.977097573089466,-99.78887442802916,181.30251833167713
subcategory_9,2019-01-09,sktime_Prophet,18.616619379512944,-120.91136519366977,157.26682861216463
subcategory_9,2019-01-10,sktime_Prophet,13.425210172795019,-135.3872945916991,158.91028449397692
subcategory_9,2019-01-11,sktime_Prophet,22.89418711322939,-116.67584435099043,164.20069893257718
subcategory_9,2019-01-12,sktime_Prophet,32.75069635124755,-111.39664362537452,167.58975733937248
subcategory_9,2019-01-13,sktime_Prophet,30.568529624556604,-105.96578669570738,172.516862437366
subcategory_9,2019-01-14,sktime_Prophet,33.27950590934391,-100.1905416952095,171.38481066168737
subcategory_9,2019-01-15,sktime_Prophet,44.95287959889869,-108.61518209935643,185.7876093330329
subcategory_9,2019-01-16,sktime_Prophet,23.991612195176135,-113.33138365390307,163.2121193140805
subcategory_9,2019-01-17,sktime_Prophet,20.005125338974498,-114.79660254352959,161.69054410537873
subcategory_9,2019-01-18,sktime_Prophet,30.462239017009814,-98.31712070075962,179.50204813945666
subcategory_9,2019-01-19,sktime_Prophet,41.07251921242363,-96.14121684877415,172.5394683321714
subcategory_9,2019-01-20,sktime_Prophet,39.397499924833795,-91.63278677524266,188.63619520185003
subcategory_9,2019-01-21,sktime_Prophet,42.36234208929373,-99.83977238886749,191.00886424281114
subcategory_9,2019-01-22,sktime_Prophet,54.03538409288872,-89.90219016495061,188.76866191261135
subcategory_9,2019-01-23,sktime_Prophet,32.82441749911021,-111.58055407062312,174.8627766969756
subcategory_9,2019-01-24,sktime_Prophet,28.349305920572444,-116.83911643352666,169.52026539322495
subcategory_9,2019-01-25,sktime_Prophet,38.09465446717926,-99.92485527778744,171.06048368114418
subcategory_9,2019-01-26,sktime_Prophet,47.79076100547952,-95.45819230259644,181.01100235050055
subcategory_9,2019-01-27,sktime_Prophet,45.02432431393028,-93.770897050806,189.06088245178873
subcategory_9,2019-01-28,sktime_Prophet,46.74948474634401,-93.35660732146236,196.43395345796284
subcategory_9,2019-01-29,sktime_Prophet,57.066667761891,-70.82939329730299,212.62740456080263
